28.4,28.17,28.03,28,28.02,28.14,28.31,28.09,27.73,28.28,28.36,28.52,28.51,28.74,29.66,30.38,30.8,30.93,30.78,30.51,30.19,29.94,29.65,29.36,29.06
29.4,28.91,28.11,28.24,29.03,30.43,32.85,33.91,34.87,35.22,35.41,35.07,34.85,34.7,34.8,35.93,37.52,38.48,36.88,35.52,35.23,34.74,31.96,30.89,33.46
30.65,30.37,30.15,30.14,30.4,30.75,33.5,35.8,36.78,36.17,35.4,34.92,34.07,34.09,34.25,32.87,34.94,34.59,34.06,31.82,31.8,30.51,29.27,28.46,32.74
27.97,27.95,27.76,27.75,27.61,27.87,28.92,30.65,31.19,31.19,31.25,33.93,32.03,31.51,32.05,32.77,32.05,32.02,32.04,34.5,33.89,32.69,32.05,30.44,30.92
30.51,30.23,30,30.06,30.61,31.91,32.91,42.07,43.38,42.04,43.04,44.54,44.56,44.66,44.99,56.1,69.7,73.92,71.99,50.08,44.89,42.05,35.93,33.08,43.47
31.32,31.14,31.1,31.08,31.1,31.33,31.73,33.97,34,34.05,34.55,34.58,34.16,33.68,33.88,34.01,31.72,33.21,30.97,30.7,30.61,30.08,29.81,29.01,32.16
29.35,28.88,28.28,27.84,28.04,28.64,29.1,29.49,29.97,30.72,31.47,31.9,31.52,31.32,31.85,32.83,34.62,35.18,34.28,33.35,32.67,32.55,31.84,30.6,31.1
30.75,30.64,30.53,30.54,30.63,30.7,30.77,30.58,30.75,31.09,31.93,30.99,30.96,30.87,30.85,30.96,31.6,31.84,31.46,31.15,30.83,30.95,30.55,29.89,30.91
29.56,29.11,28.99,29.16,29.71,30.41,30.77,31.92,33.06,33.05,31.97,31.35,31.1,30.99,30.95,30.99,31.02,30.97,30.9,30.79,30.5,30.07,29.57,28.83,30.66
27.71,27.58,27.44,27.37,27.77,28.93,29.79,31,31.31,31.22,31.14,31.06,30.99,31,31.01,31.03,31.19,31.19,31.02,30.54,29.81,29.55,29.15,28.08,29.87
26.87,26.49,26.32,26.28,26.1,25.88,27.82,28.96,29.14,29.12,29.15,29.16,29.17,29.13,29.15,29.18,29.4,29.57,29.38,29.13,28.6,27.91,27.13,26.49,28.15
27.3,26.95,27.04,27.13,26.73,26.59,28.29,29.41,29.78,29.5,29.54,29.5,29.47,29.5,29.55,29.64,30.23,30.52,30.28,29.88,29.5,29.43,29.21,28.83,28.91
29.15,29.01,29.09,29.09,29.25,30.64,31.42,39.48,41.28,41.18,41.18,38.31,37.64,37.22,36.26,37.25,41.2,43,38.08,34.79,31.38,31.12,30.78,29.92,34.91
29.82,28.98,28.64,28.5,28.61,28.74,29.49,29.77,30.57,31.01,31.6,31.59,31.14,30.96,30.97,31.13,33.51,35.35,34.47,31.98,31.57,30.66,30.25,29.55,30.79
29.02,28.54,28.59,28.51,28.64,28.74,29.09,29.33,30.55,31.51,32.06,32.15,31.95,31.7,31.5,31.7,32.66,32.71,32.86,32.75,32.18,31.94,31.72,31.11,30.9
31.01,30.93,30.9,30.93,31.34,31.86,32.81,60.04,59.9,56.28,60.06,36.91,34.93,33.46,33.17,34.94,36.25,79.57,79.59,35,32.58,33.96,31.9,31.11,41.23
31.01,30.61,30.65,30.68,31.12,31.39,35.73,48.24,49.31,42.25,41.75,38.26,32.95,33.19,32.41,32.33,32.57,32.68,32.02,31.35,30.76,30.56,30.08,29.71,34.23
29.01,28.58,28.45,28.54,29.13,29.73,30.04,30.79,30.88,30.72,30.59,30.43,30.43,30.28,30.14,30.12,30.33,30.51,30.22,29.82,29.31,29.27,29.08,28.79,29.8
28.11,27.3,27.14,27.42,28.35,29.11,29.39,29.86,30.43,30.28,29.97,29.82,29.65,29.57,29.53,29.53,29.69,29.84,29.79,29.53,28.87,28.79,28.74,28.41,29.13
27.63,27.26,27.11,27.34,27.9,28.01,28.59,29.73,29.98,29.89,29.84,29.72,29.5,29.37,29.08,28.92,29.33,29.62,29.52,28.9,28.36,28.28,28.11,27.69,28.74
27.64,27.15,26.9,26.93,27.22,27.74,27.77,28.24,28.8,29.17,29.52,29.51,29.29,29.09,29.06,29.51,29.9,30.94,30.36,29.82,29.31,28.97,28.54,28.13,28.73
28.57,28.08,27.78,27.71,27.75,28.02,28.05,28.44,28.75,29.29,29.6,29.59,29.53,29.52,29.52,29.62,29.98,30.7,30.53,29.95,29.65,29.53,29.04,28.42,29.07
28.34,28.05,27.86,27.81,28.44,28.63,29.39,30.31,30.62,30.32,30.09,29.96,29.85,29.78,29.75,29.85,30.24,31.08,30.44,29.91,29.55,29.35,28.85,28.45,29.46
29.04,28.93,28.93,29.03,29.53,29.71,30.84,32.83,33.98,33.19,32.82,31.86,31.71,31.48,31.31,31.12,31.77,32.21,44.98,31.6,30.34,29.91,29.08,28.58,31.45
28.84,28.47,28.18,28.19,28.82,28.7,29.41,31.23,31.91,31.4,31.22,30.88,30.68,30.51,30.25,30.27,30.76,31.18,30.92,29.89,29.19,28.93,28.23,27.74,29.83
28.08,27.62,27.47,27.24,27.46,28.35,29.25,31.14,31.46,31.34,31.32,31.2,31.1,31.03,31.02,31.09,31.28,31.62,31.39,31.01,29.96,29.81,29.21,28.83,29.97
28.52,28.13,28.07,28.3,28.69,29.58,30.88,32.07,32.14,31.96,31.86,31.67,31.41,31.13,31.02,31.03,31.53,31.91,31.8,31.08,30.07,29.88,29.53,28.89,30.46
28.84,28.47,28.25,28.14,28.18,28.42,28.67,28.91,29.35,29.71,29.89,29.89,29.87,29.75,29.65,29.89,30.47,31.13,30.97,30.18,29.75,29.55,29.08,28.72,29.41
28.82,28.22,27.87,27.72,27.68,27.79,27.76,28.02,28.6,28.9,29.34,29.23,28.93,28.87,28.85,28.97,29.55,29.93,29.82,29.43,28.97,28.85,28.62,28.11,28.7
28.02,27.46,27.47,28.16,28.73,29.71,30.79,31.45,34.71,33.18,33.9,33.65,31.35,31.29,31.27,31.3,31.34,31.45,34.22,32.17,31.21,30.58,30.1,29.62,30.96
28.78,28.65,28.66,28.75,29.4,30.2,31.05,31.55,31.66,31.59,31.59,31.54,31.47,31.42,31.39,31.39,31.82,31.93,31.85,31.73,31.59,31.41,30.53,30.01,30.83
29.25,28.99,28.91,29.01,29.62,30.41,31.17,31.73,31.83,31.63,31.58,31.46,31.42,31.32,31.26,31.23,31.27,31.42,31.23,31.05,30.69,30.33,29.83,28.99,30.65
29.03,28.73,28.6,28.64,29.15,29.88,31.05,32.34,32.5,32.42,32.43,32.48,32.5,32.6,32.52,32.44,32.58,32.82,32.68,32.46,32,31.53,30.84,30.06,31.35
30,29.7,29.6,29.68,30.26,31.1,31.93,33.24,33.42,33.43,33.43,33.42,33.43,33.46,33.3,33.37,33.5,33.49,33.48,33.44,32,31.36,30.99,30.68,32.15
30.84,30.38,30.14,30.03,30.21,30.4,30.74,31.06,31.54,32.39,33.02,33.11,32.71,32.55,32.36,32.79,33.67,34.33,33.98,33.66,32.65,31.94,31.45,30.9,31.95
31,30.85,30.64,30.43,30.47,30.62,30.9,31.43,31.39,31.88,32.16,32.29,32.1,32.01,31.91,31.96,32.8,33.79,33.73,32.91,31.93,31.76,31.25,30.74,31.71
30.59,30.02,29.82,30.1,30.92,31.44,32.6,33.97,34.06,34,33.93,33.92,33.83,33.82,33.8,33.82,33.85,33.98,33.91,33.81,33.31,32.13,31.62,31.02,32.68
31.11,30.96,30.9,30.94,31.43,32.05,32.25,34.77,55.13,41.54,34.73,41.9,36.02,35.9,36.08,34.71,33.13,33.32,34.74,34.79,37.89,35.33,33.04,31.88,35.19
31.54,31.24,31.16,31.19,31.77,33.68,34.43,33.85,34.51,33.94,33.98,33.84,34.54,34.14,34.29,34.51,34.49,34.38,34.27,34.54,43.74,40.5,35.52,33.17,34.3
32.49,32.34,32.25,32.37,33.24,33.42,34.55,38.82,39.59,38.31,38.14,36.02,39.29,38.37,35.92,35.75,35.99,37.04,37.89,35.79,34.53,33.96,33.58,32.63,35.51
33.08,32.67,32.43,32.31,32.55,33.4,33.98,35.41,35.82,34.79,34.91,44.42,34.83,34.18,34.15,33.99,33.95,34.19,36.66,34.18,33.46,33.2,32.85,32.11,34.31
32.03,31.7,31.42,31.26,31.35,31.66,31.87,32.03,32.19,32.75,32.94,32.61,32.3,32.13,32.01,32.07,32.32,33.53,33.93,32.97,32.5,32.46,32.2,31.86,32.25
31.43,31.06,30.4,30.41,29.82,29.9,30.36,30.99,31.69,32.29,32.57,32.5,31.57,30.96,30.91,31.27,32.14,33.56,33.67,33.4,32.92,32.32,32.39,31.35,31.66
30.88,30.17,30.37,30.46,30.86,32.22,33.3,37.29,40.18,38.16,35.76,33.84,33.55,33.48,33.36,33.16,33.6,34.39,34.16,33.51,33.12,32.84,32.19,31.51,33.43
30.49,30.03,30.1,30.14,30.62,31.66,33.05,34.07,34.23,34.15,33.87,33.49,33.37,33.43,33.39,33.34,33.33,33.5,33.71,33.59,33.43,33.3,33.04,32.17,32.73
32.11,32.21,32.32,32.44,32.71,32.71,32.94,33.92,37.35,34.28,34.43,33.7,33.51,33.37,33.21,32.95,33.04,33.26,33.37,33.21,33,32.92,32.45,31.38,33.2
30.5,30.33,30.24,30.5,30.55,31.21,31.63,32.5,32.63,32.52,32.27,32.03,31.95,31.94,31.88,31.76,31.91,32.44,32.42,31.97,31.57,31.3,30.93,30.1,31.55
29.96,29.74,29.61,29.78,30,30.75,31.61,32.24,32.83,32.51,32.42,32.18,32.04,32,31.89,31.57,31.71,32.08,32.2,31.81,31.1,30.85,30.82,30.47,31.34
30.22,30.01,29.54,29.86,30.04,30.25,30.16,30.5,30.77,31.09,31.33,31.09,30.78,30.58,30.26,30.12,30.4,30.92,30.94,30.67,30.06,29.7,29.42,29.32,30.33
29.98,29.78,29.85,29.71,29.63,29.2,29.67,29.22,29.71,30.21,30.27,30.67,30.17,30.44,30.51,30.34,30.79,31.49,31.62,31.25,30.86,30.58,30.31,30.02,30.26
29.87,29.69,29.78,29.71,29.66,29.59,30.32,30.92,31.12,31.05,31.03,30.96,30.92,30.88,30.86,30.79,30.89,31.19,31.14,30.93,30.63,30.56,30.49,30.06,30.54
29.3,28.75,28.6,27.82,27.72,28.27,30.03,30.97,31,30.96,30.92,30.79,30.68,30.67,30.58,30.7,30.98,31.81,32.1,31.97,31.74,31.34,30.75,29.9,30.35
29.33,28,28.47,28.25,28.16,28.48,29.43,30.44,30.45,30.41,30.26,30.09,30.03,29.94,29.94,29.84,29.93,30.33,30.44,30.22,29.56,29.91,29.62,29.42,29.62
30.01,29.75,29.43,29.43,30.01,29.51,30.29,31.14,31.84,32.06,32.43,32.18,31.85,31.69,31.24,30.9,30.95,32.03,32.68,31.94,30.52,30.25,29.77,29.25,30.88
30,29.89,29.88,29.86,29.92,30.04,30.81,32.67,33.48,33.09,32.78,32.39,31.71,31.2,30.92,30.83,30.98,31.78,32.47,31.85,31.26,31,30.93,30.57,31.26
30.74,30.64,30.56,30.53,30.54,30.65,30.71,30.84,31.16,31.46,31.31,31.06,30.2,29.97,29.94,29.88,30.16,31.01,31.08,30.78,30.09,30.01,30.39,30.35,30.59
30.28,29.93,29.47,29.46,29.33,29.42,29.66,29.74,29.73,29.83,30.04,29.98,29.87,29.75,29.74,29.6,29.65,30.64,31.76,30.98,30.41,30.11,30.54,30.02,30
30.07,29.82,29.67,29.46,29.06,30.11,30.96,31.93,32.59,32.46,32.28,31.77,30.91,30.58,30.59,30.83,31.26,31.91,32.3,31.68,30.62,30.23,30.3,30.17,30.9
29.91,29.19,29.27,28.68,28.63,28.93,30.03,30.96,31.23,31.02,30.76,30.57,30.62,30.72,30.73,30.85,31.12,32.48,32.72,32.16,31.14,30.86,30.39,30.04,30.54
29.85,29.83,29.54,29.65,29.36,29.98,30.89,32.04,32.8,32.72,32.4,32.2,31.22,30.74,30.83,31.5,32.03,32.48,34.35,32.4,32.13,31.68,31.16,30.14,31.33
29.73,29.36,28.87,28.82,29.01,29.97,31.04,33.23,34.19,32.66,32.41,32.24,32.04,31.7,31.18,31.07,31.05,32.17,37.06,32.02,31.18,30.47,30.03,29.94,31.31
29.89,29.93,29.94,29.57,29.92,30.79,31.72,32.33,32.55,32.42,32.19,31.96,31.8,31.58,31.5,31.46,31.83,32.57,33.87,32.83,31.98,31.73,31.33,30.87,31.52
31.36,30.32,30.04,29.38,29.2,29.94,30,30.26,30.98,31.46,31.57,31.15,30.91,30.68,30.57,30.57,30.65,31.13,31.66,31.01,30.76,30.58,30.6,30.54,30.64
30.65,30.28,30.34,30.19,29.98,29.94,30.02,29.98,30.15,30.53,30.61,30.59,30.8,30.51,30.19,30.1,29.83,30.8,32.85,33.36,32.45,31.8,31.3,30.66,30.75
30.47,30,29.46,29.54,29.72,30.57,32.36,35.87,39.4,38.04,35.43,34.13,33.84,33.39,33.27,32.92,32.81,33.82,34.09,33.79,32.76,32.38,31.79,31.16,32.96
31.07,30.46,30.28,30.62,31.07,32.52,36,48.58,52.66,52.37,52.21,49.97,47.35,47.32,46.13,43.19,39.73,39.11,55.68,47.75,39.19,37.08,34.97,32.84,41.17
32.51,31.98,31.55,31.38,31.2,32.06,35,41.57,44.53,37.18,35.98,34.18,33.34,32.84,32.8,32.62,32.54,32.94,33.72,33.24,32.67,31.85,31.37,30.83,33.75
30.2,30.05,30,29.9,30.04,31.12,32.75,33.69,35.96,34.58,34.22,33.56,33.19,32.91,32.69,32.69,32.76,33.3,33.86,32.86,32.32,32.27,31.11,30.2,32.34
29.71,29.62,29.68,29.66,29.62,30.42,31.89,32.38,33.2,32.56,32.43,32.09,31.51,31.31,31.26,31.59,32.09,33.16,33.97,33.33,32.46,32.34,32.21,31.92,31.68
31.16,30.49,30.13,29.64,29.34,30,31.01,31.26,31.69,32.36,32.21,31.41,31.07,30.19,29.85,29.98,30.81,32.68,33.68,33.01,31.52,31.23,31.08,30.05,31.08
29.57,28.36,28.09,27.66,27.87,28.51,28.72,28.75,29.3,29.59,29.7,29.43,29.4,28.98,28.92,28.9,29.19,29.7,31.15,31.35,30.69,30.62,30.4,29.62,29.35
29.19,28.73,28.86,29.1,29.27,30.79,31.87,34.02,34.71,34.09,33.47,32.63,31.97,31.95,31.7,31.78,31.87,32.26,32.98,31.96,31.53,31.3,30.74,30.18,31.54
29.71,29.25,28.88,28.86,29.18,29.57,31.49,32.79,32.87,31.94,31.57,31.2,30.34,29.84,29.51,29.43,29.7,29.98,30.87,30.31,30.07,29.88,29.76,29.36,30.27
29.39,29.15,29.09,29.39,29.51,29.26,29.91,30.85,31.06,30.63,30.31,30.03,30.01,29.95,29.98,29.98,30.03,30.45,31.06,30.95,30.86,30.69,30.41,30.03,30.12
29.72,29.59,29.52,29.23,29.37,29.7,30.76,32.52,35.67,34.84,32.94,31.87,30.87,30.45,30.19,30.28,30.52,30.69,30.79,30.56,29.89,29.99,29.85,29.63,30.81
29.39,29,28.94,28.92,28.88,28.96,29.71,30.63,30.64,30.2,29.88,29.56,29.44,29.4,29.2,29.03,29.18,29.6,30.1,29.97,29.92,29.8,29.53,29.03,29.54
29.45,29.19,28.96,28.9,28.9,28.94,29.09,29.07,29.4,29.55,29.66,29.75,29.67,29.34,29.28,29.28,29.52,29.6,30.75,31.04,30.52,30.22,30.13,29.66,29.58
29.74,29.35,29.12,29.07,29.03,29.08,29.06,28.88,28.84,29.25,29.46,29.53,29.41,29.49,29.4,29.25,29.33,29.59,30.12,30.18,30.28,29.88,29.72,29.24,29.43
29,29.24,29.26,28.95,28.95,29.65,31.41,33.68,36.65,35.05,33.97,32.93,32.29,31.96,31.16,30.82,30.56,31.16,31.72,31.04,30.56,29.91,29.72,29.39,31.21
29.52,29.42,29.33,29.06,29.05,29.33,29.93,31.17,31.56,30.84,29.97,29.69,29.35,29.38,29.33,29.37,29.63,30.35,30.78,30.67,30.24,30.24,29.92,29.79,29.91
29.48,29.16,29.13,29.18,29.25,29.43,30.46,31.51,32.22,31.63,31.38,31.16,31.09,30.84,30.6,30.7,30.9,31.26,32.25,31.97,31.25,31.08,30.63,29.66,30.68
29.45,29.1,28.91,28.86,29.25,29.99,31.34,38.12,39.2,35.73,33.12,31.73,30.97,30.99,30.79,30.83,30.9,31.75,33.25,32.8,31.52,31.12,30.62,29.59,31.66
29.04,28.99,29.21,28.87,29.03,30.14,33.05,36.5,36.4,34.83,33.1,32.01,31.31,30.29,29.9,30.07,30.31,30.84,31.38,30.66,30.05,29.83,29.5,28.93,31.01
28.82,28.34,28.17,28.03,27.91,28.22,28.36,28.86,29.18,28.9,28.34,28.23,27.96,27.52,27.2,27.28,27.68,28.65,30.19,30.67,29.96,29.65,29.33,28.5,28.58
28.78,28.05,27.955,27.86,27.5,27.49,27.76,27.98,28.24,28.58,28.44,28.36,27.96,27.65,27.77,27.45,27.5,28.28,28.84,29.48,29.75,29.83,29.62,29.27,28.37
29.03,28.35,28.3,28.02,28.49,29.38,30.69,31.84,31.88,31.76,30.93,30.74,30.03,29.67,29.11,28.92,29.18,29.69,29.91,30.09,29.89,29.8,29.51,28.88,29.75
28.7,28.17,28.11,28.14,28.51,29.06,31.17,31.78,31.86,31.8,31.72,31.7,31.26,30.44,29.98,30,30.05,31.13,31.4,31.31,31.33,31.44,30.46,28.92,30.35
28.06,27.37,27.12,26.93,27.2,29.2,30.5,31.3,31.59,31.26,30.92,30.52,30.29,30.03,29.95,29.75,29.84,30.06,30.07,30.05,30.11,30.08,29.92,29.74,29.66
28.7,28.02,27.3,27.25,27.69,28.81,31.82,30.68,31.48,31.38,30.48,30.4,30.39,29.99,29.7,29.07,28.93,29.46,29.66,29.65,29.91,29.87,28.76,28.01,29.48
26.97,26.55,26.23,26.24,26.27,28.03,29.48,37.04,38.99,37.97,30.61,30.31,29.76,28.99,28.95,28.88,28.63,29.45,29.73,29.88,29.87,29.38,28.66,28.34,29.8
28.14,27.63,27.18,26.9,27,27.31,27.73,27.42,27.98,28.47,28.26,27.27,26.59,26.49,26.41,26.31,26.3,27.36,28.32,28.41,28.28,28.23,28.08,27.87,27.5
28.03,27.5,27.11,26.67,26.49,26.42,26.65,27.14,28.19,28.6,28.54,28.2,27.45,26.82,26.36,26.03,25.87,27.17,28.36,28.64,29.15,28.78,28.26,27.56,27.5
28.14,28.01,27.95,27.83,28.16,29.14,29.45,30.35,30.74,30.71,30.41,30.1,29.87,29.74,29.66,29.5,29.27,29.23,29.22,29.36,29.6,29.37,28.59,28.15,29.27
27.49,27.32,27.23,27.17,27.41,28.14,28.9,29.96,30.42,30.36,29.88,29.15,28.84,28.56,28.19,28.12,28.15,28.31,28.63,28.9,28.72,28.47,28.11,27.64,28.5
27.27,27.13,26.99,26.84,26.54,26.72,28.11,28.61,28.82,28.66,28.36,28.17,27.99,27.68,27.39,27.3,27.29,27.47,27.67,27.63,27.74,27.46,26.48,26.53,27.54
27.02,26.91,26.78,26.72,26.81,26.81,28.26,29.83,30.64,30.46,30.01,29.32,28.84,28.55,28.33,28.19,28.08,28.13,28.08,28.09,28.11,28.06,27.58,26.96,28.19
26.69,26.47,26.38,26.32,26.26,27.3,28.29,28.91,29.04,29.01,28.89,28.74,28.63,28.63,28.58,28.37,28.11,28.31,28.44,28.57,28.64,28.55,27.93,27.36,28.02
27.98,27.85,27.83,27.92,27.99,28.3,28.24,28.65,28.72,29.08,29.12,28.95,28.68,28.38,27.81,27.44,27.66,28.13,28.35,28.43,28.52,28.53,28.51,28.08,28.3
28.09,27.79,27.63,27.54,27.55,27.38,27.61,27.69,28.14,28.25,27.6,26.59,26.32,25.87,25.22,24.14,24.61,25.88,27.21,27.73,27.87,27.58,27.09,26.63,27
26.3,26.18,26.17,26.16,26.16,26.4,27.67,28.73,28.79,28.56,28.15,27.57,26.58,26.2,26.17,26.13,26.18,26.2,26.65,27,26.83,26.35,26.3,26.2,26.82
26.2,26.16,26.12,26.13,26.16,26.16,26.45,27.54,27.7,27.55,27.49,27.32,27.15,27.15,26.79,26.62,26.9,27.41,27.78,28.3,28.18,27.86,26.92,25.87,27
25.99,25.86,26,26.02,26.14,25.98,28.13,28.79,28.84,28.79,28.62,28.02,27.86,27.76,27.54,27.46,27.11,27.56,28.3,28.45,28.46,28.22,27.32,25.65,27.45
26.54,26.26,26.14,26.04,26.14,26.76,27.81,28.06,28.38,28.46,28.47,28.29,27.67,27.42,27.34,27.22,27.59,28.06,28.18,28.18,28.28,28.07,27.77,27.46,27.52
27.42,26.78,26.65,26.73,26.69,26.76,26.93,27.7,28.46,28.23,27.82,27.88,27.31,27.69,27.65,27.79,28.34,28.95,29.49,29.89,30.13,30.13,29.87,28.99,28.1
30.01,29.25,28.65,27.58,27.82,27.6,27.88,27.87,28.36,28.73,28.77,28.57,28.24,27.97,27.57,27.29,27.22,27.66,27.91,28.15,28.48,28.39,27.79,27.58,28.14
28.37,28.19,28.13,28.07,28.13,28.32,28.32,28.21,28.46,28.45,28.56,28.74,28.51,28.33,27.96,27.7,27.74,28.08,29.17,30.32,31.99,31.76,30.9,29.73,28.84
29.21,28.58,28.19,27.85,27.67,27.95,28.21,28.12,29.4,30.17,29.6,29.06,28.33,28.16,27.89,28,28.05,27.95,28.21,29.8,31,30.85,29.79,29.34,28.81
29.05,28.36,27.77,27.62,27.94,29.94,33.01,38.17,45.39,41.05,39.88,37.97,35.22,33.83,31.04,30.72,30.1,30.86,32.83,34.8,33.58,34.59,31.89,30.07,33.15
30.35,30.02,29.94,30.25,30.83,31.8,34.61,45.38,48.38,43.67,36.87,35.52,35.16,35.44,33.81,33.07,33.73,35.71,37.63,35.9,37.2,35.75,32.24,30.51,35.16
29.2,28.98,28.99,28.98,29.04,29.33,31.25,34.86,34.43,31.94,31.07,30.46,30.1,29.67,29.37,29.17,29.15,29.19,29.05,28.96,28.91,29.05,28.38,28.23,29.91
27.99,27.8,27.99,28.01,28.06,28.23,28.6,29.07,29.14,29.04,29,28.95,28.91,28.97,28.92,28.79,28.8,28.78,28.78,28.78,28.92,28.98,28.78,28.57,28.66
28.78,28.7,28.44,28.51,28.41,28.28,27.88,27.96,28.57,28.69,28.75,28.72,28.58,28.43,28.24,28.41,28,28.31,28.5,28.51,28.57,28.59,28.64,28.53,28.46
28.62,28.56,28.43,28.34,28.1,28.24,27.73,27.99,28.26,28.56,28.59,28.56,28.49,28.48,28.4,28.41,28.29,28.46,28.49,29.29,30.73,30.86,30.42,29.33,28.73
28.87,28.55,28.42,28.38,28.08,29.53,33.42,40.08,41.67,37.98,36.17,34.36,32.94,32.55,31.91,31.39,30.43,31.42,32.72,32.89,32.99,32.41,30.83,29.13,32.38
29.13,29.08,28.99,29.02,29.12,29.77,36.14,41.17,43,41.94,39.8,38.1,35.09,33.91,32.01,31.59,32.46,36.55,38.97,41.92,41.91,40.82,37.5,32.59,35.44
30.54,30.25,30.2,30.06,30.44,33.1,42.3,45.82,52.18,46.98,45.61,44.75,44.01,42,39.11,38.64,38.61,40.92,39.74,40.21,37.21,39.4,36.61,32.58,38.8
31.42,30.49,30.31,30.3,30.76,32.48,40.37,44.97,45.93,42.73,41.88,40.39,36.71,35.85,35.29,34.82,33.69,35.56,36.74,37.78,38.65,39.63,34.87,32,36.4
31.38,31.03,30.61,30.68,31.02,32.72,35.07,41.54,43.46,43.9,40.43,37.53,36.47,33.79,32.82,32.26,31.97,32.84,33.52,33.26,33.59,33.8,31.87,30.34,34.41
32.24,29.71,29.88,29.86,30.16,30.58,31.42,32.64,32.69,32.56,30.59,30.13,30.07,29.69,29.05,28.77,28.36,29.93,31.8,33.81,33.68,33.78,32.14,30.47,31
30.01,29.38,28.81,28.35,28.06,28.07,27.85,28.6,28.86,29.85,30.21,30.01,29.81,29.73,28.9,28.39,28.37,28.39,28.7,29.04,29.43,29.55,28.33,27.93,28.94
28.15,28.02,27.94,28.01,28.07,28.2,28.65,28.43,28.85,29.42,29.59,29.3,28.96,28.62,28.14,28.1,28.11,28.07,28.17,28.76,29.51,29.82,29.22,28.95,28.63
28.94,28.87,28.73,28.57,28.34,28.89,33.13,36.67,37.3,35.12,34.01,32.67,31.7,31.54,30.44,30.41,30.43,30.99,31.26,31.77,31.55,31.74,30.57,28.46,31.34
29.04,28.84,28.27,28.27,28.92,30.06,31.87,33.7,35.07,34.27,33.73,32.44,31.96,31.81,31.07,30.86,30.77,31.25,31.47,31.51,31.57,31.56,30.52,28.6,31.14
28.08,27.68,27.46,27.38,27.39,27.57,30.42,32.28,33.04,32.02,31.6,31.18,30.85,30.56,30.11,29.9,29.79,30.12,30.41,30.47,30.26,30.3,29.72,28.16,29.86
29.51,28.89,28.53,28.33,28.46,29.73,30.59,32.8,33.45,32.42,31.96,31.35,30.98,31,30.71,30.39,30.46,30.98,31.02,30.9,30.45,30.31,30.24,30.12,30.57
30.23,30.14,30.05,29.73,29.59,29.87,29.27,30.14,30.93,32,31.53,30.64,30.79,30.1,29.6,28.93,28.93,30.37,31.19,31,30.98,31.27,30.81,30.17,30.34
28.62,27.48,27.46,27.27,26.9,26.94,26.66,26.88,28.66,30.06,30.33,30.18,29.5,28.53,27.31,26.88,26.68,27.48,29.8,30.43,31.1,31.24,30.51,27.75,28.53
27.25,26.31,26.23,25.84,26.4,27.24,30.01,30.8,31.5,31.75,31.71,31.4,31.18,31.05,30.9,30.56,30.3,31.12,31.41,32.01,32.83,33.88,32.99,30.97,30.24
30.5,29.83,29.24,28.94,29.74,31.04,32.96,35.97,37.86,35.59,35.28,34.38,35.48,34.55,34.43,35.04,33.34,34.55,34.08,33.86,34.09,34.36,34.03,31.77,33.37
31.29,30.62,30.27,30.31,30.77,32.39,35.81,40.68,47.89,42.52,39.16,35.59,36.13,36.12,34.52,33.77,33.89,34.81,34.22,34.45,34.8,35.33,35.39,32.6,35.14
31.16,30.41,29.5,29.26,29.59,30.89,33.4,34.22,34.87,34.75,34.2,33.8,33.61,33.41,33.01,32.74,32.71,32.98,34.54,34.5,32.98,31.64,30.52,28.76,32.39
29.88,27.99,27.46,27.48,27.84,29.96,32.34,32.99,41.16,36.38,32.92,32.71,32.54,31.62,30.86,30.45,30.51,31.21,31.43,31.45,31.3,31.31,30.8,30.2,31.37
29.42,28.95,28.72,28.52,28.12,28.73,29.05,30.17,32.21,33.28,31.97,31.04,30.28,29.14,28.44,28.48,28.88,29.9,32.2,32.42,31.85,31.66,31.4,30.34,30.22
29.08,27.95,26.91,26.48,25.82,25.83,26.41,27.11,27.99,29.11,29.41,29.25,29.1,28.42,27.97,28.06,28.78,29.46,30.65,31.63,31.99,31.94,31.45,30.37,28.8
29.59,27.54,27.18,26.7,27.21,29.77,32.95,33.01,34.53,34.26,33.83,33.06,32.92,32.71,32.41,31.92,32.08,32.29,32.17,32.5,32.48,32.06,31.79,30.25,31.47
29.03,28.01,27.35,27.18,27.03,28.18,30.79,31.59,31.72,31.62,31.5,31.04,30.9,30.88,30.83,30.63,30.39,30.8,30.9,30.78,30.2,29.65,29.04,27.03,29.88
25.01,24.43,24.26,24.33,24.8,25.24,27.94,28.16,28.52,28.57,28.4,28.23,28.09,28.04,28.02,27.99,27.98,27.98,28.01,28.01,28.09,28.12,28.04,26.68,27.21
25.41,23.72,22.43,20.68,22.63,24.61,26.93,28.07,28.63,28.7,28.86,29.47,28.97,28.85,28.71,28.57,28.44,28.31,28.22,28.14,28.28,28.08,27.7,26.81,27.05
25.66,25.01,24.71,25,25.13,26.72,27.8,27.97,28.98,28.54,27.94,27.87,27.81,27.78,27.76,27.69,27.64,27.59,27.53,27.44,27.44,27.46,26.97,25.06,27.06
23.44,23.04,22.18,20.94,20.84,22.57,23.26,23.78,24.93,25.04,24.25,24.11,23.83,22.83,21.97,22.27,23.87,25.03,25.45,25.44,25.41,25.42,25.43,25.19,23.77
23.09,18.12,14.12,12.18,11.65,11.52,11.98,12.36,14.04,18.79,20.66,20.8,18.92,17.88,16.14,17.19,18.84,23.05,24.42,25.81,25.15,25.39,24.77,23.95,18.78
23.36,23.14,22.97,22.87,23.08,24.49,26.64,27.27,27.09,27.09,27.07,27,26.54,26.59,26.32,27.02,27.15,27.09,26.85,26.69,26.65,26.87,26.83,24.22,25.87
24.07,23.34,23.07,23.01,23.28,24.26,26.28,26.85,26.76,26.94,26.29,26.22,26.2,26.48,27.01,27,26.93,26.41,26.31,26.36,26.25,26.23,26.26,24.99,25.7
22.64,21.22,19.61,19.64,20.92,23.22,25.93,27.51,27.67,27.51,27.42,27.33,27.24,27.16,27.07,26.25,26.37,26.46,26.33,26.26,25.96,26.69,26.83,25.18,25.35
24.37,23.84,23.57,23.4,22.94,24.09,24.13,24.93,25.85,25.79,25.59,26.02,25.16,23.13,22.72,22.64,23.48,25.71,26.26,26.32,26.31,26.31,26.35,25.31,24.76
24.07,23.69,23.48,22.94,23.69,25,26.28,26.43,26.49,26.54,26.51,26.45,26.39,26.49,26.35,26.29,26.28,26.24,26.23,26.22,26.23,26.21,26.24,26.19,25.71
25.61,24.69,24.3,24.05,23.79,23.62,24.72,26.01,26.18,26.31,26.1,25.29,24.39,24.32,24.08,23.89,24.26,26.12,26.18,26.17,26.12,26.12,25.35,24.08,25.07
21.25,16.08,18.66,16.58,14.25,9.91,14.36,18.27,19.04,22.82,23.56,23.39,22.77,22.45,21.91,21.73,22.53,23.83,25.5,25.9,26,25.82,25.11,24.06,21.07
22.27,21.4,21.43,22.03,22.69,24.82,26.62,26.93,26.92,26.94,26.94,26.89,26.9,26.92,26.9,26.88,26.82,26.76,26.74,26.7,26.64,26.57,26.37,26.28,25.68
26.66,26.54,26.37,26.29,26.43,26.62,26.88,27.09,27.37,27.37,27.32,27.19,27.38,27.37,27.31,26.98,26.95,26.91,26.88,26.87,26.85,26.84,26.79,26.14,26.89
24.62,23.87,23.56,22.58,22.53,23.98,26.45,27.44,27.46,26.99,26.87,26.7,26.47,26.45,26.3,25.94,25.93,26.07,26.19,26.43,25.93,26.2,26.1,25.27,25.68
21.97,21.23,20.64,20.69,21.84,23.69,26.83,27.54,27.77,27.79,27.74,27.55,27.49,27.43,27.45,27.37,27.34,27.24,27.11,27.07,26.97,27.05,27.01,26.41,25.88
26.38,25.83,24.99,24.59,24.34,26.14,27,28.43,28.83,28.84,28.77,28.55,28.42,28.38,28.25,26.93,26.87,26.81,26.81,26.62,26.48,26.41,26.34,26.27,26.97
26.32,26.27,26.21,26.19,25.86,25,25.28,26.03,26.33,26.49,27.13,27.03,26.49,26.93,26.71,26.75,26.36,26.39,26.42,26.44,26.41,26.41,26.37,26.16,26.33
26.31,25.17,23.77,22.88,21.58,19.98,20.33,22.93,24.13,24.99,26.03,25.85,25.93,24.86,24.12,23.96,24.44,24.94,25.76,26.34,26.44,26.48,26.47,26.32,24.58
24.74,23.93,22.53,21.68,21.65,23.09,24.1,24.62,26.42,26.52,24.95,25.31,24.52,24.11,24.07,24.69,26,26.73,26.75,26.78,26.8,26.76,26.76,26.1,24.98
24.22,19.94,14.97,10.8,10.22,17.7,24.62,26.47,27.37,27.14,26.72,26.31,25.62,23.78,22.71,21.54,20.98,21.95,22.72,23.08,21.92,20.44,20.23,13.55,21.46
10.67,8.8,6.82,4.63,4.42,5.71,19.8,23.68,24.53,23.93,23.58,22.99,22.27,22.17,21.88,20.27,19.93,19.7,20.37,23.13,22.03,21.97,21.58,18.4,18.05
15.5,10.2,9.91,9.86,9.92,18.6,24.09,25.67,26.09,26.21,26.24,25.93,25.78,25.77,25.66,25.17,25.28,25.87,25.99,25.92,25.82,25.58,25.5,25.01,22.32
25.18,24.88,24.61,24.04,24.3,24.85,24.83,26.04,25.36,25.4,25.34,25.24,25.25,25.23,25.17,24.75,24.42,24.22,24.14,25.28,25.02,24.86,24.7,24.77,24.91
24.8,24.47,24.1,23.65,23.19,23.67,23.38,23.8,23.45,24.43,24.63,24.64,24.59,24.51,24.21,24.18,24.18,24.3,24.32,24.61,24.53,24.39,24.33,24.16,24.19
24.82,24.31,21.78,18,15.39,12.6,12.84,16.49,18.43,20.86,21.91,21.88,21.65,21.09,20.8,20.22,21.15,23.58,24.9,24.86,25.21,25.18,25.08,24.36,21.14
24.22,20.66,18.15,14.6,15.66,19.88,24.73,26.03,26.47,25.94,25.43,24.9,23.27,22.72,22.28,22.2,21.96,22.23,24.31,23.94,23.33,23.26,22.38,20.01,22.44
17.98,10.7,7.87,7.42,8.92,15.85,22.67,25.29,25.42,25.28,25.13,25.06,24.92,24.84,24.7,24.55,24.64,24.79,24.76,24.72,24.75,24.68,24.79,24.81,21.44
24.21,23.33,23.1,23.13,23.37,24.06,24.53,24.65,24.58,24.61,24.53,24.19,24.27,24.22,24.19,23.96,23.87,23.61,23.91,23.94,23.69,24.4,24.52,24.52,24.06
24.86,24.78,24.68,24.53,24.48,24.76,24.69,25.06,25.21,25.17,25.17,25.12,25.09,25.06,25.03,24.96,24.92,24.85,24.74,24.8,24.8,24.71,24.73,24.55,24.86
24.74,23.35,22,21.07,21.05,22.41,24.6,25.06,25.33,24.84,24.23,23.6,23.48,23.3,22.84,22.53,22.09,22,21.77,23.01,23.05,22.96,23.23,21.83,23.1
20.3,18.02,17.08,19.49,18.46,19.77,19.14,21,23.01,23.49,23.24,23.09,22.82,22.55,22.09,22.22,22.91,23.98,24.54,24.4,24.01,23.63,23.65,23.06,21.91
24.26,23.74,23.41,23.08,21.95,22.49,23.39,24.08,24.4,24.4,24.34,24.24,24.13,23.53,21.98,22.9,23.6,24.26,24.26,24.39,24.38,24.2,24.91,24.91,23.8
24.08,23.76,23.32,23.12,23.55,24.24,24.71,25.17,24.69,25.62,25.58,25.49,25.8,25.68,25.58,25.31,24.95,24.95,24.9,24.85,24.62,24.55,24.49,24.28,24.72
24.35,23.71,23.01,22.63,22.81,23.64,24.51,24.6,25.32,25.34,25.29,25.08,25.96,25.88,25.13,24.55,24.2,24.23,24.33,24.51,24.33,24.22,24.26,23.95,24.41
23.96,23.25,23.04,22.92,22.91,24.17,24.47,24.57,27.21,27.19,27.23,26.88,24.99,25.09,25.03,24.74,24.66,24.57,24.49,24.48,24.46,24.49,24.49,24.36,24.74
24.93,24.85,24.8,24.77,24.73,24.76,24.94,25.27,25.63,25.63,25.6,25.91,25.92,25.96,25.94,25.8,25.8,25.63,25.45,25.34,25.2,25.11,25.15,24.92,25.34
25.33,23.55,22.43,21.41,21.59,23.34,25.88,25.99,26.41,26.47,26.51,26.39,26.3,26.1,25.07,24.98,25.01,25.56,25.51,25.46,25.25,25.16,25.25,25.16,25
25.12,23.78,23.24,22.28,20.28,19.99,22.09,23.75,24.03,23.93,22.88,22.37,22.14,21.42,20.6,19.68,19.41,22.07,23.57,23.78,23.69,23.74,23.87,23.49,22.55
23.95,23.03,20.79,18.25,14.45,10.25,10.26,17.69,19.26,21.22,21.97,21.88,21.76,21.07,20.56,19.91,20.38,17.58,21.69,23.2,23.2,23.37,23.2,21.8,20.03
21.86,20.24,17.4,16.91,16.95,22.36,23.23,23.44,24.34,23.99,23.71,23.43,23.26,23.29,23.34,23.24,23.32,23.59,24.27,24.14,24,23.98,23.95,23.29,22.56
23.21,22.9,22.59,22.5,22.51,23.42,23.29,23.76,24.05,24.08,24.09,24.07,24.11,24.11,24.1,24.04,23.98,23.97,23.89,23.94,23.93,23.87,23.81,23.69,23.66
23.67,23.56,23.51,23.5,23.47,23.54,23.65,23.91,24.03,23.98,24,23.97,24.01,23.99,23.93,23.9,23.87,23.77,23.67,23.64,23.56,23.75,23.63,23.5,23.75
22.23,21.82,21.77,21.81,21.86,22.74,22.92,23.64,23.9,23.93,23.94,23.77,23.76,23.78,23.75,23.56,23.53,23.56,23.45,23.42,23.41,23.3,23.23,22.98,23.17
23.5,22.43,21.97,21.75,21.83,23.05,23.53,23.75,23.93,23.98,24,23.9,23.84,23.8,23.75,22.89,22.81,22.88,22.79,22.76,22.88,22.79,22.92,22.89,23.11
23.93,23.81,23.47,23.34,23.26,23.46,23.66,23.73,23.93,24.05,24.13,24.12,24.09,24.04,24.01,23.99,23.99,24.02,24.02,23.98,23.92,23.9,23.92,23.95,23.86
24.36,23.12,22.73,22.63,20.27,20.59,21.3,23.07,23.97,23.71,23.35,23.32,23.05,23.02,22.74,22.44,22.26,22.35,23.35,23.55,24.08,24.25,24.27,24.22,23
23.26,22.77,22.31,22.29,22.65,23.19,23.85,24.42,25.01,25.03,25.03,25.01,24.98,25.01,24.96,24.88,24.86,24.9,24.76,24.62,24.35,24.06,24.14,23.78,24.17
24.05,23.78,23.3,23.2,23.07,23.19,24.48,24.85,25.14,25.16,25.29,25.25,25.28,25.26,25.23,25.08,25.08,25.04,25.04,25.03,25.02,24.77,24.81,24.63,24.63
25.17,25.09,25,24.91,24.83,24.84,25.02,25.18,25.54,25.57,25.6,25.56,25.49,25.44,25.4,25.33,25.34,25.27,25.32,25.38,25.35,25.19,25.19,25.09,25.25
25.79,25.71,25.65,25.63,25.63,25.68,25.63,25.81,25.91,26.11,26.18,25.93,25.93,25.94,25.93,25.88,25.86,25.87,25.93,25.9,25.86,25.82,25.83,25.75,25.84
26.84,26.44,26.36,26.34,26.29,26.36,26.3,27.03,27.46,27.54,27.54,27.53,27.53,27.52,27.46,27.03,27.02,26.91,26.88,26.89,26.73,26.48,26.46,26.36,26.89
27.46,27.08,26.85,26.76,26.65,26.63,26.45,26.57,26.69,27.06,27.51,27.51,27.32,27.04,26.69,26.47,26.49,26.74,26.99,26.97,26.92,26.81,26.88,26.85,26.89
27.5,27.25,27.03,26.95,26.87,26.82,26.63,26.64,26.84,27.06,27.31,27.39,27.43,27.39,27.35,27.29,26.97,26.96,26.97,26.98,27,27.02,26.98,26.91,27.06
27.14,26.96,26.91,26.89,26.88,26.93,26.78,26.87,26.98,27.02,27.01,26.99,26.98,26.96,26.94,26.92,26.91,26.87,26.86,26.84,26.8,26.74,26.75,26.69,26.9
26.82,26.7,26.65,26.64,26.62,26.64,26.83,26.96,26.92,26.96,26.98,26.98,26.97,26.96,26.94,26.98,26.96,27.1,27.12,27.06,27.03,27.02,26.94,26.88,26.9
26.96,26.87,26.84,26.83,26.82,26.83,26.89,26.99,26.96,26.96,26.97,26.96,26.95,26.93,26.93,26.9,26.94,26.92,26.9,26.87,26.88,26.84,26.77,26.65,26.89
26.05,24.37,23.04,24.76,25.08,26.04,26.81,26.83,26.92,26.97,26.99,26.96,26.95,26.94,26.95,26.92,26.92,27.03,26.99,26.97,26.99,26.97,26.9,26.85,26.43
26.79,26.71,26.69,26.67,26.65,26.63,26.76,27.05,27.18,27.27,27.31,27.25,27.25,27.21,27.17,27.07,27.01,26.93,26.89,26.84,26.79,26.74,26.67,26.61,26.92
27.02,26.93,26.88,26.86,26.84,26.82,26.64,26.65,26.72,26.84,26.91,26.92,26.9,26.86,26.83,26.79,26.8,26.81,26.8,26.77,26.73,26.7,26.7,26.69,26.81
26.84,26.77,26.71,26.45,25.05,24.83,25.11,25.97,26,26.13,26.4,26.36,26.21,26.09,25.37,25.22,26.25,26.52,26.7,26.75,26.78,26.94,26.91,26.49,26.2
25.73,24.4,23.98,23.83,23.98,25.15,26.18,26.59,26.72,26.82,26.82,26.8,26.68,26.59,26.52,26.35,26.26,26.45,26.58,26.6,26.62,26.57,26.29,25.55,26
25.71,24.92,24.26,24.27,24.24,25.54,26.57,26.63,26.76,26.85,26.89,26.88,26.8,26.79,26.77,26.72,26.69,26.64,26.6,26.57,26.55,26.56,26.53,26.37,26.21
26.18,25.76,25.65,25.53,25.51,26.04,26.52,26.6,26.72,26.8,26.82,26.8,26.7,26.67,26.63,26.6,26.56,26.53,26.53,26.49,26.54,26.54,26.56,26.29,26.4
26.84,25.63,25.08,25.09,25.06,26.18,27.49,27.49,27.45,27.41,27.56,27.54,27.55,27.49,27.47,27.39,27.41,27.47,27.54,27.52,27.5,27.53,27.53,27.46,27.03
27.47,26.92,26.68,26.21,26.44,27.4,27.48,27.46,27.59,27.66,27.68,27.68,27.67,27.67,27.67,27.63,27.64,27.61,27.6,27.61,27.57,27.57,27.54,27.51,27.42
27.3,27.21,27.15,27.04,26.8,26.75,27,26.88,26.99,27.09,27.17,27.19,27.18,27.14,27.19,27.17,27.17,27.19,27.22,27.21,27.18,27.15,27.15,27.05,27.11
27.26,27.02,26.05,24.68,23.07,23.96,23.9,25.17,25.78,26.67,26.87,27.18,27.06,26.45,25.51,25.87,26.21,27.05,27.33,27.34,27.35,27.34,27.32,27.09,26.23
27.05,26.68,26.4,26.16,26.17,26.94,27.1,27.14,27.24,27.36,27.39,27.39,27.37,27.36,27.32,27.26,27.25,27.22,27.23,27.24,27.2,27.16,27.15,26.78,27.07
27.21,27.14,26.79,26.81,26.04,26.21,27.11,27.21,27.26,27.34,27.34,27.36,27.33,27.32,27.29,27.29,27.28,27.25,27.24,27.21,27.21,27.19,27.17,27.12,27.11
26.59,25.86,25.07,22.93,23.24,25.53,27.17,27.43,27.62,27.73,27.77,27.73,27.65,27.63,27.63,27.34,27.32,27.3,27.27,27.24,27.3,27.26,27.22,27.12,26.79
27.88,26.87,25.36,23.69,25.08,26.93,27.87,27.84,27.93,27.99,28.13,28.13,28.12,28.13,28.2,28.13,28.1,28.09,28.02,27.97,27.99,27.94,27.92,27.86,27.51
28.39,28.07,27.42,26.8,26.46,27.48,27.96,27.89,28.09,28.25,28.29,28.29,27.51,26.77,26.59,26.19,26.81,27.74,27.83,27.78,27.67,27.64,27.62,27.1,27.53
27.1,23.92,19.61,14.64,10.37,12.18,14.88,21.52,23.72,24.72,25.99,25.88,24.99,24.04,22.97,21.67,22.9,25.47,27.01,27.2,27.21,27.29,27.46,27.2,22.91
26.06,25.63,23.96,23.47,22.2,22.26,22.26,23.48,24.39,24.45,25.36,25.11,25.35,24.58,24.15,23.42,21.27,22.95,24.81,27.09,27.32,27.59,27.54,27.11,24.66
26,25.56,25.28,24.32,24.64,26.01,26.97,27.52,27.73,27.77,27.77,27.65,27.55,27.4,27.35,27.27,27.26,27.34,27.39,27.37,27.41,27.47,27.51,26.88,26.89
26.97,26.62,26.18,25.93,25.95,26.65,26.91,27.46,27.65,27.75,27.8,27.79,27.76,27.74,27.72,27.69,27.67,27.67,27.66,27.63,27.67,27.54,27.49,27.1,27.29
26.73,25.74,25.36,25.02,25.16,27.07,27.39,27.53,27.61,27.68,27.72,27.69,27.64,27.64,27.63,27.6,27.61,27.59,27.58,27.58,27.56,27.53,27.52,27.41,27.15
26.92,25.94,24.76,23.36,23.39,25.08,26.7,26.98,27.14,27.21,27.26,27.24,27.04,26.38,26.31,25.99,25.95,25.94,26.07,26.72,26.8,26.81,26.67,25.52,26.17
25.16,22.7,21.3,19.03,18.95,23.72,26,26.12,26.52,26.61,26.42,25.61,25.26,25.06,24.92,24.85,24.79,24.82,26.09,26.06,25.89,25.86,25.63,24.58,24.66
24,23.03,22,21.49,20.7,20.44,22.84,23.67,24.75,25.28,25.62,25.57,25.06,23.37,23.43,24.55,25.04,25.74,25.77,25.71,25.62,25.61,25.46,25.24,24.17
24.91,20.57,18.03,16.59,13.69,10.87,10.75,16.25,20.24,20.79,22.68,23.04,23.14,20.72,20.36,20.47,22.17,22.69,25.39,25.45,25.47,25.5,25.41,25.32,20.85
25.76,25.61,25.28,24.8,24.86,25.65,25.91,26.26,26.34,26.39,26.38,26.42,26.41,26.38,26.57,26.49,26.48,26.45,26.42,26.42,26.35,26.32,26.21,25.97,26.09
26.23,26,25.34,24.59,24.64,26.1,26.26,26.44,26.59,26.66,26.67,26.67,26.67,26.67,26.65,26.62,26.57,26.56,26.53,26.49,26.46,26.41,26.16,24.68,26.19
25,23.06,21.12,19.08,19.11,24.55,25.87,26.33,26.34,26.39,26.38,26.44,26.36,26.36,26.35,26.34,26.32,26.32,26.41,26.39,26.36,26.42,26.32,26.02,25.24
25.76,25.59,25.41,25.41,25.18,25.55,25.73,26.03,26.08,26.11,26.13,26.06,26,26.01,26.01,25.98,25.99,25.96,26.03,26,25.97,25.99,25.94,25.75,25.86
25.97,25.48,25.35,25.31,25.28,25.49,25.98,26.25,26.3,26.37,26.39,26.32,26.3,26.29,26.26,26.2,26.17,26.13,26.11,26.2,26.14,26.13,26.11,26.01,26.02
25.63,23.62,21.23,20.72,19.31,17.59,20.37,23.66,24.37,25.84,25.56,25.67,25.1,24.98,24.96,24.26,24.87,24.91,25.42,25.44,25.67,25.54,24.02,22.39,23.8
23.66,21.66,20.42,18.09,13.67,12.34,12.16,18.01,21.28,22.51,23.05,23.34,23.48,23.48,23.14,23.68,24.26,24.81,26.34,26.7,26.71,26.72,26.71,26.63,22.2
26.41,25.58,25.24,25.17,25.28,26.03,26.42,26.72,26.82,26.93,26.93,26.93,26.96,26.95,26.94,26.93,26.95,26.91,26.88,26.85,26.83,26.82,26.81,26.65,26.54
26.71,26.13,24.8,23.96,23.85,25,25.87,26.89,27.05,27.08,27.03,26.96,26.93,26.92,26.93,26.94,26.86,26.84,26.82,26.79,26.79,26.79,26.75,26.58,26.39
26.66,26.06,25.84,25.83,26.05,26.61,26.61,26.76,26.88,26.92,26.95,26.92,26.9,26.88,26.86,26.83,26.77,26.74,26.7,26.67,26.67,26.66,26.64,26.49,26.62
25.72,25.57,25.51,25.48,25.2,24.99,25.47,25.56,25.67,25.71,25.74,25.71,25.73,25.74,25.73,25.68,25.73,25.71,25.68,25.64,25.64,25.62,25.51,25.3,25.59
25.36,25.35,25.26,25.22,25.23,25.1,25.34,25.89,26.15,26.24,26.33,26.3,26.25,26.21,26.31,26.05,25.93,25.91,25.81,25.69,25.64,25.63,25.53,25.31,25.75
26.26,24.72,24.07,23.82,23.52,22.84,23,23.08,24.38,25.7,26.07,26.06,26.03,25.95,24.99,24.94,24.81,24.82,24.69,26.1,26.1,26.2,25.33,24.41,24.91
24.19,22.44,21.36,21.1,20.01,18.24,20.48,23.25,24.07,24.72,25.16,25.53,25.75,25.79,25.73,25.41,24.79,25.77,26.07,26.4,26.82,26.85,26.38,25.87,24.26
24.32,23.72,23.43,23.69,23.11,24,26.27,26.74,27.04,27.06,27.04,26.77,26.74,26.65,26.61,26.68,26.94,26.88,26.82,26.79,26.84,26.83,26.63,26.45,26
26.68,26.66,26.62,26.6,26.61,26.62,26.79,27.2,27.53,27.45,27.42,27.38,27.22,27.21,27.19,27.16,27.16,27.14,27.11,27.13,27.1,27.06,26.96,26.69,27.03
27.31,27.19,27.13,27.12,27.12,27.18,27.35,27.74,27.82,27.82,27.79,27.76,27.73,27.72,27.74,27.68,27.66,27.64,27.6,27.63,27.68,27.65,27.56,27.23,27.54
28.41,28.28,27.9,27.73,27.97,28.33,28.43,28.72,28.78,28.8,28.81,28.78,28.76,28.69,28.75,28.71,28.71,28.71,28.67,28.66,28.67,28.67,28.59,28.31,28.54
28.78,28.7,28.67,28.56,28.67,28.76,28.93,29.21,29.3,29.32,29.31,29.29,29.27,29.26,29.29,29.16,29.13,29.1,29.08,29.08,29.05,29.03,28.97,28.73,29.03
29.09,29.01,29.04,29.03,29.02,29.01,29.02,28.99,29.15,29.24,29.25,29.24,29.2,29.19,29.15,29.11,29.09,29.1,29.11,29.1,29.08,29.06,28.91,28.77,29.08
29.35,29.25,29.16,28.71,28.78,28.76,28.78,28.59,29.06,29.13,29.33,29.52,29.36,29.11,29.08,29.1,29.26,29.65,29.77,29.82,29.83,29.84,29.78,29.65,29.28
29.97,29.92,29.66,29.62,29.68,29.76,29.85,29.92,30.03,30.07,30.05,29.99,30.23,30.15,30.13,30.21,30.2,30.16,30.06,29.94,29.92,29.91,29.81,29.65,29.95
30.17,29.67,29.52,29.31,29.38,29.95,31.44,32.91,35.2,37.13,34.91,33.37,31.39,31.44,31.47,31.94,32.96,32.63,32.68,32.88,32.15,32.05,31.84,31.08,31.98
31.19,30.26,29.83,29.56,29.6,30.82,33.95,33.56,35.03,35.03,34.53,33.36,34.26,35.01,34.55,34.08,34.08,31.57,30.88,30.88,34.37,32.43,30.86,30.57,32.51
30.57,29.97,29.75,29.25,29.54,30.42,31.73,32.9,43.28,44.92,48.43,34.15,34.27,32.97,32.94,32.91,32.96,32.92,43.08,33,32.99,32.93,31.87,31.59,34.14
31.78,30.95,30.21,29.64,30.46,31.51,31.89,35.12,45.83,35.17,35.11,35.14,37.7,33.71,32.98,32.47,32.4,32.28,31.74,31.71,31.72,31.81,31.71,31.61,33.11
31.53,31.29,30.85,30.62,30.7,30.7,31.1,31.36,31.7,33.05,33.39,33.38,33.32,33.05,31.38,31.3,31.36,31.66,31.72,33.01,33,31.72,31.65,31.59,31.85
31.8,31.41,31,30.77,30.62,30.44,30.98,31.21,31.06,31.25,31.26,31.26,31.45,31.14,31.07,31.14,31.22,31.46,31.79,33.12,33.19,33.31,31.84,31.76,31.48
30.89,30.37,29.95,29.84,30.29,30.8,31.05,31.34,31.71,31.75,31.64,31.59,31.58,31.63,31.63,31.61,31.62,31.61,31.55,31.48,31.48,31.43,31.25,31.12,31.22
30.94,30.42,30.24,30.24,30.36,30.69,31.06,31.66,31.82,31.82,31.76,31.7,31.66,31.62,31.67,31.55,31.56,31.51,31.52,31.52,31.5,31.49,31.25,31.18,31.28
30.36,30.05,29.75,29.83,30.06,30.34,30.81,30.99,31.33,31.39,31.26,31.13,31.07,31.05,31,30.83,30.96,30.58,30.51,30.73,30.54,30.25,29.98,29.31,30.59
29.27,29.04,28.5,28.53,28.85,29.06,30.1,30.64,31,31.14,31.1,31,30.95,31.1,31.12,31.09,31.13,30.96,30.95,30.94,30.94,30.85,30.71,30.54,30.4
29.66,29.31,29.06,29.02,29,29.2,29.78,30.81,30.88,30.73,30.01,29.78,29.72,29.68,29.66,29.49,29.85,30.36,30.38,30.36,30.34,30.22,30.15,29.59,29.88
29.51,29.34,29.02,28.88,28.65,28.77,28.99,29.61,29.84,30.04,30.15,30.02,29.96,29.92,29.88,29.87,29.86,29.9,29.93,29.91,29.9,29.87,29.81,29.86,29.65
30.06,29.56,28.23,27.1,27.05,27.05,26.87,27.1,28.94,29.63,29.18,28.48,27.53,27.23,27.3,26.88,27.28,28.04,28.45,29.21,28.74,27.99,27.33,26.86,28
25.68,19.52,18.92,17.6,19.57,22.44,27.46,28.73,29.59,29.72,29.77,29.75,29.53,28.99,29.12,28.51,28.85,29.3,29.53,29.48,29.24,28.34,27.09,26.82,26.81
26.88,25.67,24.46,24.21,24.94,27.01,28.87,30.03,30.5,30.42,30.32,30.16,30.04,29.92,29.15,29.62,30.05,30.2,30.13,30.2,30.3,30.24,29.94,28.43,28.82
29.26,26.57,19.37,10.55,8.6,25.27,28.55,29.72,30.21,30.04,29.33,28.98,28.89,28.9,29.25,29.43,29.92,29.75,28.41,28.21,28.65,28.1,27.55,26.1,26.65
27.02,26.56,25.98,26.57,27.61,27.61,29.81,30.19,30.55,30.53,30.5,30.42,30.28,30,29.94,29.51,29.9,30.17,30.29,30.31,30.26,29.83,28.38,26.95,29.13
27.8,27.09,26.93,26.82,26.97,28.65,30.23,31,31.12,31.12,31.09,31.04,31.02,30.96,30.89,30.66,30.63,30.6,30.62,30.64,30.7,30.66,30.29,30.11,29.9
30.99,30.87,30.56,30.14,30.08,30.43,30.74,30.81,30.98,31.11,31.17,31.15,31.1,31.05,31.01,30.98,30.99,31.03,31.07,31.09,31.07,31.02,30.97,30.82,30.88
31.51,30.4,30.06,29.43,29.18,29.38,29.98,30.09,31.01,31.54,31.4,31.61,31.46,30.89,30.4,30.36,30.77,31.43,31.64,31.65,31.72,31.67,31.59,31.5,30.86
31.54,31.34,31.09,30.91,31.1,31.53,31.58,31.87,31.94,31.83,31.77,31.64,31.65,31.64,31.7,31.75,31.72,31.71,31.73,31.73,31.84,31.78,31.66,31.58,31.61
31.14,30.48,29.74,29.7,30.08,31.5,31.65,31.81,31.88,31.88,31.84,31.79,31.78,31.76,31.76,31.78,31.76,31.75,31.77,31.81,31.91,31.85,31.71,31.63,31.45
30.08,29.49,28.74,28.67,29.39,30.59,31.82,31.97,31.99,31.99,31.96,31.94,32.08,32.1,32.03,32,32.03,32.02,32,32.02,32.27,32.14,31.85,31.67,31.37
30.9,30.41,29.66,29.49,29.98,30.76,31.05,31.64,31.8,31.79,31.73,31.64,31.6,31.57,31.54,31.48,31.49,31.41,31.2,31.26,31.34,31.22,30.94,30.73,31.11
30.64,30.2,29.43,29.44,30.21,30.75,30.85,31.13,31.37,31.34,31.25,31.15,31.15,31.07,30.97,30.87,30.79,30.78,30.77,30.79,30.8,30.79,30.69,30.67,30.75
30.5,30.36,30.23,30.18,30.12,30.2,30.42,30.44,30.51,30.6,30.66,30.65,30.62,30.59,30.56,30.55,30.56,30.57,30.57,30.62,30.6,30.58,30.51,30.51,30.49
30.58,30.35,30.14,29.79,29.58,30.07,30.06,30.08,30.23,30.52,30.57,30.58,30.57,30.56,30.51,30.36,30.54,30.55,30.57,30.6,30.64,30.63,30.55,29.99,30.36
29.56,29.26,29.12,29.28,29.52,30.28,30.56,30.78,30.86,30.85,30.83,30.81,30.8,30.78,30.79,30.76,30.76,30.75,30.76,30.8,30.85,30.8,30.65,29.61,30.41
29.74,29.08,29.02,29.09,29.76,30.57,30.59,30.69,30.74,30.73,30.7,30.66,30.63,30.62,30.63,30.59,30.6,30.6,30.59,30.61,30.62,30.56,30.58,29.72,30.32
30.37,30.04,29.98,30.07,30.18,30.5,30.67,30.76,30.84,30.82,30.81,30.76,30.69,30.64,30.62,30.64,30.81,30.8,30.79,30.81,30.81,30.7,30.54,29.13,30.53
29.32,29.13,29,29.1,29.54,30.02,30.32,30.57,30.62,30.61,30.58,30.45,30.33,30.36,30.39,30.4,30.39,30.39,30.43,30.49,30.47,30.23,30.43,29.78,30.14
29.93,29.74,29.65,29.68,29.66,29.61,29.78,30.01,30.09,30.1,30,29.96,29.94,29.92,29.9,29.82,29.79,29.81,29.8,29.84,29.73,29.21,28.29,27.93,29.67
24.34,21.79,21.32,21.31,21.6,23.71,25.18,27.08,27.35,27.81,27.96,27.91,27.86,27.81,27.79,27.79,27.83,27.88,28,28.04,27.99,27.83,27.86,27.74,26.32
27.14,26.05,22.02,22.15,22.9,23.1,25.79,26.83,27.09,27.68,27.89,27.72,27.64,27.57,27.1,26.64,26.95,27.57,27.69,27.81,27.81,27.07,24.93,13.94,25.8
20.19,19.68,19.47,19.44,19.72,20.38,21.46,27.92,28.59,28.46,28.18,28.23,28.08,27.99,28.06,27.86,27.79,28.31,28.62,28.62,28.29,26.79,26.36,24.02,25.52
13.26,13.95,12.31,15.09,19.51,24.51,27.04,28.47,28.74,28.34,27.92,27.48,27.05,27.05,26.93,26.87,26.95,27.03,27.24,27.33,27.24,27.12,26.47,21.77,24.4
12.01,9.29,9.91,9.92,13.97,16.6,20.27,25.95,27.1,27.03,26.83,26.51,26.1,25.85,25.47,25.13,25.19,25.61,26.02,26.83,26.71,24.93,22.87,20.04,21.92
21.41,18.94,17.51,17.22,18.79,22.26,26.03,29.81,30.37,30.24,29.99,29.03,28.68,26.81,25.57,23.9,23.48,24.35,25.24,28.32,26.08,25,23.05,19.76,24.66
25.92,24.34,23.5,23.99,24.51,25.48,27.61,29.88,31.68,31.77,31.56,30.97,30.41,29.88,29.19,28.38,28.63,28.89,29.47,29.78,29.42,28.24,27.91,26.87,28.26
26.98,26.32,24.97,24.87,25.01,26.2,26.77,26.97,27.14,27.4,27.49,27.44,27.31,27.22,27.12,27.3,27.24,27.5,27.81,27.87,27.5,27.21,26.97,26.65,26.89
27.37,26.95,26.49,26.32,26.37,26.39,26.37,26.65,27.97,28.55,28.71,28.7,28.62,28.03,27.4,27.34,28.12,28.62,28.71,28.94,29.84,29.72,29.32,28.69,27.92
29.36,29.2,29.13,29.15,29.28,29.84,30.59,31.94,32.18,32.1,31.99,31.62,31.38,31.23,31.48,31.42,31.1,31.19,31.32,31.54,31.39,31.05,30.21,29.9,30.82
29.85,29.7,29.7,29.72,29.95,29.92,29.91,30.02,30.11,30.04,29.96,29.9,29.85,29.83,29.82,29.82,29.83,29.87,29.9,29.93,29.91,29.66,29.15,28.05,29.77
27.28,26.76,26.68,26.9,28.12,29.54,29.64,29.91,29.95,29.93,29.92,29.9,29.78,29.74,29.73,29.61,29.59,29.64,29.6,29.42,29.49,29.14,28.21,27.03,28.98
26.86,26.1,25.91,25.77,26.09,27.08,28.48,29.56,29.72,29.62,29.48,29.28,29.33,29.03,29.14,28.88,28.79,29.13,29.37,29.48,29.23,28.83,27.87,27.38,28.35
26.66,26.34,26.56,26.99,27.84,28.59,29.67,30.43,30.66,30.47,30.29,29.98,29.91,29.78,29.64,28.86,29.02,29.36,29.55,29.38,28.76,28.2,27.7,26.8,28.81
26.76,25.92,25.4,25.33,25.54,26.1,26.5,26.65,27.27,27.8,27.79,27.19,26.46,25.86,26.02,26.42,27.33,28.11,28.75,28.48,27.9,27.5,26.91,26.01,26.83
25.72,25.07,25.08,25.34,25.99,26.05,25.54,26.96,26.96,27.75,27.89,27.65,26.34,25.99,26,26.63,27.21,28.51,28.86,28.77,27.77,26.86,25.77,21.72,26.52
22.99,21.26,21.86,21.79,22.93,26.16,28,28.62,29.04,29.07,29.06,28.86,28.56,28.59,28.45,28.36,28.42,28.73,29.16,29.28,28.54,28.02,27.12,26.1,27.04
26.1,25.06,24.59,24.52,25.22,26.24,27.82,28.61,28.81,28.47,28.35,28.24,28.1,28.05,28.03,28.01,28,28.09,28.2,28.43,28.03,27.23,26.24,25.19,27.23
25.39,22.23,21.39,21.57,24.91,26.89,28.05,29.51,29.59,28.95,28.77,28.63,28.52,28.43,28.42,28.32,28.31,28.98,29.99,30.08,30.05,29.92,28.98,28.28,27.67
28.54,27.96,27.91,27.97,28.28,29.11,29.66,30.3,30.4,30.35,30.16,29.87,29.75,29.6,29.41,28.77,28.83,28.92,28.93,29.37,29.67,29.13,28.46,27.82,29.13
28.68,28.29,28.05,28.02,28.34,28.78,28.86,29.28,29.52,29.85,29.61,29.53,29.07,28.99,28.93,28.77,28.97,28.99,29.2,29.77,29.25,28.81,28.48,27.94,28.92
29.07,28.81,28.55,28.43,28.41,28.99,29.01,28.78,29.1,29.37,29.43,29.42,29.33,29.17,29.09,29.08,29.22,29.34,29.41,29.57,29.1,28.59,27.5,26.03,28.87
27.9,27.43,27.07,27.06,27,27.03,27.58,27.85,28.4,28.69,28.88,28.87,28.73,28.92,28.87,29.11,29.35,30.24,30.44,30.46,30.21,29.98,29.86,29.05,28.71
28.61,27.86,27.08,27.08,27.9,29.6,30.23,30.45,31.02,30.92,30.84,30.65,30.53,30.41,30.35,30.29,30.34,30.39,30.3,30.76,30.51,30.35,30,29.57,29.84
29.58,29.35,28.9,28.82,28.97,29.52,30.03,30.69,32.07,30.95,30.91,30.83,30.78,30.74,30.7,30.72,30.73,30.84,30.9,30.75,30.28,29.74,28.91,27.02,30.11
25.8,23.01,22.77,22.1,23.95,27.34,29.57,30.67,30.95,30.69,30.39,30.09,29.79,29.66,29.87,29.84,30.01,30.62,30.74,30.58,29.91,29.43,28.22,27.1,28.46
26.16,25.05,24.95,25.43,26.39,28.44,29.49,30.49,30.6,30.51,30.37,30.16,29.88,29.85,29.77,29.76,29.79,30.02,30.16,30.3,29.83,29.47,29.01,27.52,28.89
26.53,25.39,25.43,25.06,25.38,26.9,29.11,30.56,30.88,30.8,30.73,30.38,29.32,28.75,28.14,27.71,28.81,29.18,29.3,29.02,28.02,26.94,25.8,20.45,27.86
24.18,24.76,23.52,22.27,22.13,23.98,25.23,25.32,25.52,25.92,26.15,26.1,25.79,25.66,25.44,25.33,25.59,27.04,27.87,27.68,26.76,25.91,24.78,22.18,25.21
25.52,24.11,23.02,18.71,21,20.1,21.02,22.5,21.34,25.45,25.93,25.4,24.92,24.13,22.88,24.13,25.53,27.13,27.62,28.23,25.98,25.53,25.59,24.86,24.19
25.4,25.29,24.91,24.98,25.22,25.59,28.42,29.93,30.56,30.38,29.74,29.46,29.7,29.98,30.13,30.01,30.31,30.46,30.57,30.46,29.79,29.68,29.26,28.52,28.7
28.8,28.63,28.6,28.39,28.89,29.56,30.01,31.21,31.42,31.36,31.1,30.93,30.79,30.65,30.56,30.1,30.33,30.55,30.63,30.66,30.35,30.19,29.58,28.88,30.09
28.25,27.4,26.69,26.21,26.66,27.79,29.07,30.59,30.97,30.64,30.5,30.03,29.79,29.06,29.18,29.35,29.55,29.82,29.73,29.25,28.48,27.4,26.33,23.35,28.59
24.77,23.87,23.44,23.36,24.03,25.97,28.2,29.12,29.3,29.14,29.1,28.92,28.86,28.82,28.87,28.9,29.34,29.63,29.62,29.49,29.41,29.28,29.13,28.72,27.89
28.64,28.37,28.32,28.31,28.37,28.86,29.12,29.75,29.92,29.87,29.8,29.69,29.49,29.3,29.1,28.95,29.08,29.27,29.25,28.96,28.56,28.73,28.06,27.15,28.96
26.96,26.56,26.24,26.41,26.75,27.05,27.99,28.1,28.15,28.47,28.71,28.67,28.56,28.42,28.44,28.43,28.83,29.21,29.16,28.79,28.26,27.06,26.53,24.96,27.78
25.09,24.54,24.03,23.29,23.73,24.44,25.02,25.75,27.61,28.37,28.79,28.82,28.62,28.58,28.62,28.85,29.39,29.6,29.5,29.18,28.87,28.74,28.39,28.05,27.33
27.82,27.16,26.98,26.94,27.42,28.25,29.29,30.31,31.03,30.88,30.75,30.5,30.31,30.22,30.08,30.27,30.96,31.34,31.13,30.38,29.91,29.54,28.9,28.19,29.52
28.41,28.02,27.88,27.93,28.34,29.15,29.92,31.6,35.01,31.98,31.91,31.77,31.87,31.6,31.55,31.54,32.98,35.7,34.5,32,30.57,29.88,28.99,28.23,30.89
28.79,28.52,28.45,28.51,28.96,29.54,30.34,34.12,35.19,32.3,31.72,31.31,31.62,31.41,31.49,32.1,34.1,35.25,32.77,30.76,30.33,29.9,29.3,28.76,31.06
28.96,28.74,28.61,28.27,28.19,28.99,30.22,30.73,30.77,30.35,30.06,29.74,29.6,29.6,29.77,30.03,30.32,30.59,30.52,30.02,29.41,28.91,28.12,26.26,29.45
26.41,25.35,25.96,26.65,27.1,28.85,30.28,30.95,31.16,30.91,30.85,30.69,30.57,30.41,30.16,30.12,30.52,30.84,30.72,30.31,29.39,28.36,27.42,26.06,29.17
27.97,27.37,27.08,26.87,26.37,26.44,27.72,27.74,28.51,28.96,29.14,29.13,28.95,28.83,28.9,29.78,30.7,31.17,30.9,30.36,29.9,29.74,29.48,28.29,28.76
28.74,28.61,28.56,28.55,28.44,28.5,28.7,28.69,29.58,30.58,30.93,31.06,30.92,30.81,30.82,30.99,31.32,31.53,31.49,31.2,30.94,30.69,30.25,29.73,30.07
29.85,29.68,29.64,29.66,29.79,30.92,31.97,33.76,33.68,33.32,33,32.88,32.65,32.46,32.48,32.61,33.04,33.64,33.08,32.47,32.11,31.99,31.04,30.38,31.92
30.87,30.62,30.39,30.13,30.39,31.07,32.37,33.53,34.2,33.11,32.67,32.32,32.13,31.98,32.04,32,32.52,33.05,32.77,32.38,31.81,31.44,30.66,29.74,31.84
29.89,29.54,29.46,29.43,29.67,30.54,31.47,32.55,32.48,31.95,31.63,31.48,31.47,31.57,31.53,31.72,32.14,32.21,32.06,31.86,31.35,31.1,30.41,29.63,31.13
29.81,29.54,29.35,29.28,29.86,30.51,31.3,33.26,33.67,32.86,32.6,32.01,31.87,31.37,31.08,31.04,31.02,31.08,30.84,30.37,29.82,29.42,28.63,27.56,30.76
28.08,27.59,27.54,27.47,27.78,28.49,29.74,30.75,30.91,30.59,30.2,29.97,29.93,29.96,29.97,29.99,30.32,30.63,30.36,29.74,28.97,28.76,27.96,27.87,29.32
27.73,27.53,27.37,27.49,27.67,27.89,28.12,28.28,28.23,28.61,28.8,28.68,28.5,28.43,28.52,28.91,29.5,29.77,29.7,28.93,28.53,28.53,28.18,28.09,28.42
27.88,27.6,27.54,27.16,27.58,27.35,27.47,27.92,28.21,28.46,28.56,28.67,28.61,28.45,28.76,29.21,29.7,30.33,30.4,29.95,29.62,29.39,29.2,28.7,28.61
28.66,28.13,28.2,28.48,28.98,29.86,31.87,35.43,37.12,42,35.8,35.14,33.94,33.71,33.92,34.7,35.94,35.51,34.78,34.7,33.63,32.85,31.9,31.42,33.19
31.69,31.5,31.43,31.44,31.55,31.85,33.31,39.76,37.6,35.85,34.47,34.52,33.67,33.82,34.42,34.2,34.78,34.34,33.87,33.44,33.32,32.64,31.31,29.69,33.52
29.27,28.92,28.71,28.61,28.86,29.25,30.96,33.04,35.02,32.49,31.98,31.8,31.03,31.3,32.56,33.44,32.81,32.62,31.85,31.04,30.03,29.74,28.66,27.04,30.88
27.53,27.02,26.93,26.6,26.21,27.15,28.47,31.05,31.09,29.96,29.12,28.98,29.09,28.98,28.94,30.02,30.75,30.88,30.21,29.69,28.81,28.64,27.6,26.97,28.78
27.67,27.33,27.37,27.28,28.22,29.55,31.24,32.88,34.25,33.49,32.84,32.56,32.75,32.75,32.73,32.68,33.32,33.38,33.06,32.15,31.6,31.18,30.18,29.34,31.24
29.99,29.54,29.37,29.31,29.52,29.75,29.95,30.17,30.17,30.63,31.11,31.12,30.93,30.78,30.72,31.26,32.14,32.49,32.08,30.97,30.7,30.18,29.37,28.27,30.44
28.64,28.26,28.07,27.9,27.52,27.5,27.89,28.11,28.21,28.49,29.03,29.06,29.04,28.84,28.84,28.99,29.73,30.06,29.79,29.51,29.07,29.01,28.37,28.02,28.66
27.5,27.36,27.29,27.27,27.79,28.94,31.93,34.28,38.82,35.57,34.06,33.57,32.25,32.38,33.33,34.82,35.7,40.32,36.7,35.26,33.95,31.36,30,28.63,32.46
28.74,28.47,28.27,28.08,28.68,29.57,32.65,36.49,37.78,36.39,35.84,36.05,39.91,43.99,43.4,47.08,51.97,58.27,48.02,36.83,34.98,33.58,32.22,30.82,37
30.48,30.04,29.8,30.21,31.13,33.05,35.35,56.71,68.83,53.26,49.37,44.75,46.91,44.74,48.1,64.83,94.67,114.7,68.84,41.07,36.41,35.87,33.36,32,48.1
31.73,30.84,30.65,30.86,31.96,33.14,37.29,54.94,70.41,53.22,49.16,44.39,49.02,50.04,49.7,59.97,68.65,61.64,48.67,39.59,35.72,34.38,32.88,30.92,44.16
31.24,30.02,29.76,29.77,30.4,31.83,35.57,45.12,50.85,53.29,47.02,47.51,47.36,41.51,40.9,37.89,41.52,65.7,40.37,37.62,34.62,33.39,32.2,30.98,39.44
31.47,30.56,29.92,29.8,29.83,30.32,30.8,30.95,30.93,31.54,31.88,31.65,31.11,30.74,30.71,31.05,31.67,31.9,31.23,30.02,29.43,28.82,28.35,28.01,30.53
28.12,27.87,28,27.61,27.74,27.96,28.01,27.72,28.35,28.77,29.25,29.57,29.72,29.61,29.72,30.2,30.92,31.31,31.05,30.64,30.22,30.17,29.42,28.25,29.18
27.97,27.75,27.69,27.69,27.86,28.69,32.39,35.02,37.62,38.29,37.06,37.54,36.36,35.92,34.85,37.28,44.79,51.04,44.86,35.89,34.16,33.66,32.49,30.03,34.87
28.69,28.17,27.82,27.93,28.23,29.99,31.73,33.77,33.88,33.05,32.43,31.9,31.57,30.95,30.91,31.45,31.96,32.18,31.8,30.97,29.98,29.22,28.06,27.24,30.58
27.02,26.94,26.79,26.49,27.2,27.7,29.57,32.48,33.3,32.84,32.43,32.65,32.44,32.22,32.58,33.03,34.8,35.36,34.96,33.49,32.35,31.75,30,27.95,31.1
27.38,26.82,26.57,26.51,26.83,27.46,28.46,30.2,30.74,30.12,29.84,29.44,29.11,29.02,28.96,29.05,29.48,29.7,29.56,28.81,27.82,27.5,26.42,25.71,28.4
26.15,26.02,25.84,26,25.99,26.14,28.63,30.34,30.7,30.15,29.93,29.72,29.3,29.09,29.03,29.22,29.73,29.82,29.54,28.88,28.21,27.81,26.97,26.64,28.33
26.76,26.5,26.44,26.35,26.31,26.49,26.62,27.2,27.5,27.51,27.62,27.64,27.61,27.55,27.6,27.89,28.3,29.88,28.45,27.79,27.46,27.31,27.09,27.01,27.37
27.38,27.14,27.04,27.03,27,27.19,27.39,27.43,27.85,28.56,29.15,29.57,29.26,28.94,28.94,29.44,30.27,29.96,29.46,29.27,28.71,28.43,27.93,27.52,28.37
27.25,26.94,26.81,26.94,27.88,29.43,32.96,47.64,61.49,56.66,49.01,52.28,50.82,51.1,52.54,51.91,53.38,50.62,41.66,37.05,33.69,32.33,30.58,28.21,40.8
27.96,27.4,27.16,27.03,27.38,28.04,30.15,32.32,34.14,34.7,34.75,35.22,34.79,34.45,34.87,34.43,34.77,35.15,34.27,33.72,32.52,31.51,29.79,27.96,31.85
27.61,27.58,27.61,27.64,27.55,27.86,29.46,31.04,31.73,31.08,30.54,29.83,29.7,29.98,30.29,31.07,31.77,32.06,31.59,30.24,29.1,28.01,27.32,26.73,29.47
26.44,26.25,26.12,26.13,26.69,27.43,29.71,31.59,35.87,33.03,32.06,31.82,31.54,31.46,31.75,32.47,33.21,34.19,32.33,31.58,30.44,30.07,29.42,28.26,30.41
28.66,28.41,28.25,28.28,28.89,30.24,32.75,46.11,53.01,52.63,46.01,45.06,43.64,38.67,39.64,39.55,43.7,40.29,36.06,33.05,31.21,30.54,29.76,29.04,36.81
29.94,29.08,28.97,28.9,29,29.28,30.2,30.63,30.71,31.15,31.75,32.1,31.56,31.29,31.49,32.29,33.95,35.66,33.16,31.66,30.7,30.55,30.09,29.02,30.96
28.9,28.2,28.2,27.94,28.21,28.38,28.58,29.4,30.23,30.97,31.22,31.53,31.44,31.4,31.55,32.24,33.18,33.21,32.1,31.24,30.53,30.24,29.68,28.59,30.3
28.22,27.9,27.55,27.39,28.04,29.94,31.55,40.22,47.43,48.5,37.76,36.19,38.27,37.75,42.08,63.93,71.15,77.17,66.62,42.1,33.56,32.94,31.33,30.38,40.75
30.44,29.43,29.35,29.68,31.57,32.39,32.86,61.79,73.18,74.59,56.79,60.5,56.78,56.7,56.79,63.73,66.56,67.89,39.2,32.35,31.35,30.68,29.82,29.1,45.98
29.18,28.53,28.08,28.11,28.87,29.72,30.78,33.8,36.02,34.96,32.34,32.6,32.92,32.91,33.05,33.51,33.48,33.41,32.08,31.64,30.82,30.05,29.04,28,31.41
27.57,27.08,26.98,26.95,27.37,28,29.42,30.73,31.07,30.57,30.1,30.2,30.14,30.11,30.39,30.69,30.79,30.75,30.58,30.06,29.55,29.17,28.06,27.32,29.32
27.1,26.45,26.2,26.36,26.92,27.54,28.75,30.06,30.81,30.69,30.63,30.3,29.85,29.65,29.69,29.87,30.32,30.79,30.44,29.81,29.06,28.86,27.87,26.97,28.96
26.33,25.41,25.09,25.07,25.08,25.14,25.01,25.13,25.41,25.74,25.85,25.82,25.81,25.76,25.64,25.79,25.97,26.02,26.02,25.92,25.86,25.68,25.81,25.67,25.63
25.92,25.76,25.57,25.5,25.47,25.51,25.72,25.81,26.06,26.71,27.01,26.97,26.7,26.7,26.66,26.93,27.18,26.94,26.31,25.95,25.96,26.36,26.17,25.99,26.24
26.38,26.06,25.26,25.03,24.4,25.2,26.16,26.28,26.07,25.98,26.11,26.18,26.2,26.12,26.16,26.53,26.78,26.74,27.12,26.96,26.27,26.14,25.98,25.52,26.07
26.13,25.72,25.03,24.89,25.24,25.76,25.89,26.05,26.18,26.6,26.41,26.68,26.45,26.27,26.16,26.57,27.32,27.17,27.01,26.44,26.12,26,25.77,25.56,26.14
25.37,24.85,24.17,23.92,24.39,25.74,26.47,28.21,29.61,30.06,30.32,31.53,31.92,32.54,33.43,35.96,38.88,39.36,37.04,33.18,31.31,30.37,29.38,28.22,30.26
28.87,28.12,27.2,26.43,27.22,28.89,30.74,31.61,32.21,34.44,36.53,35.84,35.49,34.53,34.21,35.39,35.83,34.16,31.71,30.83,29.08,28.3,27.5,26.87,31.33
26.33,25.63,25.39,25.45,26.05,26.83,27.27,27.9,29.08,30.03,29.83,29.47,29.2,29.45,30.02,31,32.72,34.1,32.01,29.81,28.49,27.73,26.9,26.68,28.64
27.31,26.86,26.39,26.06,26.06,26.37,26.79,26.71,26.95,27.36,27.45,27.44,27.34,27.31,27.39,27.59,27.85,27.94,27.66,27.35,26.63,26.34,26.34,26.28,26.99
26.98,26.44,26.2,25.9,25.37,25.59,25.97,26.01,26.41,27.01,27.53,27.57,27.53,27.44,27.58,27.87,28.09,27.95,27.59,26.84,26.26,26.21,26.08,25.65,26.75
,,,,,,,,,,,,,,,,,,,,,,,,
