24.03,24.03,24.02,23.19,24.1,25.01,25.62,25.87,26.18,25.74,26.89,27.48,28.04,28.7,29.66,30.38,30.8,30.93,30.78,30.51,30.19,29.94,29.65,29.36,27.55
29.4,28.91,28.11,27.89,28.26,30.43,32.85,33.91,34.87,35.22,35.41,35.07,34.85,34.7,34.8,35.93,37.52,38.48,36.88,35.52,35.23,34.74,32.99,30.94,33.45
30.65,30.37,30.15,30.14,30.4,32.24,33.5,35.8,36.78,36.17,35.4,34.92,34.81,34.09,34.25,34.51,34.94,34.59,34.06,32.93,31.8,30.51,29.27,28.46,32.95
25.93,25.41,25.35,25.45,25.97,27.87,28.92,30.65,32.13,33.27,33.52,33.93,33.93,33.94,34.15,35.3,36.28,36.81,35.55,34.5,33.89,33.02,32.33,30.44,31.61
30.51,30.23,30,30.06,30.61,32.45,34.87,42.07,43.38,42.04,43.04,44.54,44.56,44.66,44.99,56.1,69.7,73.92,71.99,50.08,44.89,42.05,37.22,34.65,43.69
35.84,35.54,34.59,34.28,34.16,32.59,34.32,33.97,34,34.05,34.55,34.58,34.16,33.92,33.88,34.38,34.56,34.31,34.16,33.11,32.13,31.56,30.18,29.01,33.66
29.35,28.88,28.28,27.84,28.04,28.64,29.1,29.49,29.97,30.72,31.47,31.9,31.52,31.32,31.85,32.83,34.62,35.18,34.28,33.35,32.67,32.55,31.84,30.6,31.1
30.75,30.64,30.53,30.54,30.63,30.7,30.77,30.58,30.75,31.09,31.93,30.99,30.96,30.87,30.85,30.96,31.6,31.84,31.46,31.15,30.83,30.95,30.55,29.89,30.91
29.56,29.11,28.99,29.16,29.71,30.41,30.77,32.68,33.53,33.31,33.46,32.92,32.85,32.73,32.31,32.78,33.21,32.95,32.86,31.41,30.5,30.07,29.57,28.83,31.4
26.16,25.57,25.49,25.57,27.77,28.93,29.79,31,31.31,31.22,31.14,31.06,30.99,31,31.01,31.03,31.19,31.19,31.02,30.54,29.81,29.55,29.15,28.08,29.57
24.38,22.78,22.05,22.1,23.6,25.88,27.82,28.96,29.14,29.12,29.15,29.16,29.17,29.13,29.15,29.18,29.4,29.57,29.38,29.13,28.6,27.91,26.27,24.29,27.31
22.17,18.07,17.38,17.43,23.49,24.98,28.29,29.41,29.78,29.5,29.54,29.5,29.47,29.5,29.55,29.64,30.23,30.52,30.28,29.88,29.5,29.43,29.21,28.83,27.32
29.15,29.01,29.09,29.09,29.25,30.64,34.12,39.48,41.28,41.18,41.18,38.31,37.64,37.22,36.26,37.25,41.2,43,38.08,34.79,31.38,31.12,30.78,29.92,35.02
29.82,28.98,28.64,28.5,28.61,28.74,29.49,29.77,30.59,31.01,31.6,31.59,31.14,30.96,30.97,31.13,33.51,35.35,34.47,31.98,31.57,30.66,30.25,29.55,30.79
29.02,28.54,27.33,27.09,27.33,28.7,29.09,29.33,30.55,31.94,32.06,32.15,31.95,31.7,31.5,31.7,32.82,37.02,34.84,32.75,32.18,31.94,31.72,31.11,31.02
31.01,30.93,30.9,30.93,31.34,31.86,36.42,60.04,59.9,56.28,60.06,58.14,57.04,60.61,61.03,58.71,87.38,117.12,82.84,56.4,39.8,33.96,32.01,31.11,51.49
31.01,30.61,30.65,30.68,31.12,32.67,36.53,48.24,49.31,42.25,41.75,38.26,34.83,33.19,32.41,32.33,32.57,32.68,32.02,31.35,30.76,30.56,30.08,29.71,34.4
29.01,28.58,28.45,28.54,29.13,29.73,30.04,30.79,30.88,30.72,30.59,30.43,30.43,30.28,30.14,30.12,30.33,30.51,30.22,29.82,29.31,29.27,29.08,27.24,29.74
25.89,27.3,27.14,27.42,28.35,29.11,29.39,29.86,30.43,30.28,29.97,29.82,29.65,29.57,29.53,29.53,29.69,29.84,29.79,29.53,28.87,28.79,28.74,28.41,29.04
27.23,27.26,27.11,27.34,27.9,28.01,28.59,29.73,29.98,29.89,29.84,29.72,29.5,29.37,29.08,28.92,29.33,29.62,29.52,28.9,28.36,28.28,28.11,27.69,28.72
27.64,27.15,26.9,26.93,27.22,27.74,27.77,28.24,28.8,29.17,29.52,29.51,29.29,29.09,29.06,29.51,29.9,30.94,30.36,29.82,29.31,28.97,28.54,28.13,28.73
28.57,28.08,27.78,27.71,27.75,28.02,28.05,28.44,28.75,29.29,29.6,29.59,29.53,29.52,29.52,29.62,29.98,30.7,30.53,29.95,29.65,29.53,29.04,28.05,29.05
28.16,26.92,26.35,27.13,28.44,28.63,29.39,30.31,30.62,30.32,30.09,29.96,29.85,29.78,29.75,29.85,30.24,31.08,30.44,29.91,29.55,29.35,28.85,28.45,29.31
29.04,28.93,28.93,29.03,29.53,29.71,30.98,45.89,49.2,48.87,48.02,45.93,40.92,37,34.92,34.88,35.29,50.22,44.98,31.6,30.34,29.91,29.08,28.58,36.32
28.84,28.47,28.18,28.19,28.82,28.7,29.41,31.23,31.91,31.4,31.22,30.88,30.68,30.51,30.25,30.27,30.76,31.18,30.92,29.89,29.19,28.93,28.22,27.37,29.81
26.1,25.52,25.32,25.37,27.46,28.35,29.25,31.14,31.46,31.34,31.32,31.2,31.1,31.03,31.02,31.09,31.28,31.62,31.39,31.01,29.96,29.81,29.21,28.83,29.63
28.52,28.13,28.07,28.3,28.69,29.58,30.88,32.46,32.94,32.58,32.67,32.13,31.41,31.13,31.02,31.03,31.53,31.91,31.8,31.08,30.07,29.88,29.53,28.89,30.59
28.84,28.47,28.25,28.14,28.18,28.42,28.67,28.91,29.35,29.71,29.89,29.89,29.87,29.75,29.65,29.89,30.63,31.49,30.97,30.18,29.75,29.55,29.08,28.72,29.43
28.82,28.22,27.87,27.72,27.68,27.79,27.76,28.02,28.6,28.9,29.34,29.23,28.93,28.87,28.85,28.97,29.55,29.93,29.82,29.43,28.97,28.85,28.62,28.11,28.7
27.32,27.46,27.39,28,28.73,29.71,31.03,33.38,34.71,33.18,33.9,34.6,34.15,34.1,32.46,32.78,35.63,45.37,37.88,32.17,31.21,30.58,30.1,29.62,32.31
28.78,28.65,28.66,28.75,29.4,30.2,33.28,40.85,44.91,44.96,40.85,39.72,37.5,37.13,37.16,36.71,36.79,46.86,36.65,33.52,31.77,31.41,30.53,30.01,35.21
29.25,28.99,28.91,29.01,29.62,31.03,31.89,36.94,39.56,34.79,33.23,32.78,31.92,32.05,31.95,32.11,33.76,35.11,33.28,32.57,30.86,30.33,29.83,28.99,32.03
29.03,28.73,28.6,28.64,29.15,29.88,31.05,33.19,33.51,33.02,33.08,32.85,32.7,32.96,32.98,32.92,33.48,35.54,35.03,33.31,32,31.53,30.84,30.06,31.84
30,29.7,29.6,29.68,30.26,31.1,31.93,38.42,37.15,37.08,36.34,36.11,34.72,33.58,33.3,33.37,33.75,40,36.99,33.44,32,31.36,30.99,30.68,33.4
30.84,30.38,30.14,30.03,30.21,30.4,30.74,31.06,31.54,32.39,33.02,33.11,32.71,32.55,32.36,32.79,33.67,34.33,33.98,33.66,32.65,31.94,31.45,30.9,31.95
31,30.85,30.64,30.43,30.47,30.62,30.9,31.43,31.39,31.88,32.16,32.29,32.1,32.01,31.91,31.96,32.8,33.79,33.73,32.91,31.93,31.76,31.25,30.74,31.71
30.59,30.02,29.82,30.1,30.92,31.44,32.6,39.83,38.9,38.34,36,34.82,35.01,34.86,34.98,35.19,39.02,53.11,39.77,35.17,33.31,32.13,31.62,31.02,34.94
31.11,30.96,30.9,30.94,31.43,32.71,35.05,59.81,55.13,56.22,49.7,45.07,40.49,45.63,41,39.88,47.29,63.86,61,44.79,37.89,35.33,33.04,31.88,42.13
31.54,31.24,31.16,31.19,31.77,33.85,34.43,52.5,67.51,61.01,57.47,50.09,45.01,49.11,46.76,46.9,51.49,70.2,70.19,50.06,43.74,40.5,35.52,33.17,45.68
32.49,32.34,32.25,32.37,33.24,33.42,37.08,57.17,65.42,64.91,64.67,51.14,50.19,55.83,49.7,50,57.13,68.74,62.04,45.35,39.55,36.6,33.58,32.63,46.58
33.08,32.67,32.43,32.31,32.55,33.4,34.9,53.05,58.96,53.05,53.05,44.42,41.63,38.59,37.75,36.66,37.64,40.39,38.32,35,33.46,33.2,32.85,32.11,38.81
32.03,31.7,31.42,31.26,31.35,31.66,31.87,32.03,32.19,32.75,32.94,32.61,32.3,32.13,32.01,32.07,32.32,33.91,33.93,32.97,32.5,32.46,32.2,31.86,32.27
31.43,31.06,30.4,30.41,29.78,29.9,30.36,30.99,31.69,32.29,32.57,32.5,31.57,30.96,30.91,31.27,32.14,33.56,33.67,33.4,32.92,32.32,32.39,31.35,31.66
28.83,29.68,30.37,29.83,30.76,32.22,33.3,38.02,40.18,38.16,35.92,33.84,33.55,33.48,33.36,33.16,33.6,34.39,34.16,33.51,33.12,32.84,32.19,31.51,33.33
30.49,30.03,30.1,30.14,30.62,31.66,33.05,36.19,38.04,38.15,36.86,33.86,33.37,34.65,34.81,34.4,36.94,38.78,37.96,36.49,33.84,34.91,33.04,32.17,34.19
32.11,32.21,32.32,32.44,33.92,37.08,43.64,61.48,63.32,59.3,55.69,39.66,37.35,38.08,44.13,43.02,49.08,59.16,62.05,43.81,38.07,35.28,32.45,31.38,43.21
30.5,30.33,30.24,30.5,30.55,31.21,31.63,32.72,32.63,32.52,32.27,32.03,31.95,31.94,31.88,31.76,31.91,32.44,32.42,31.97,31.57,31.3,30.93,30.1,31.55
29.42,28.63,28.09,28.45,30,30.75,31.61,32.24,32.83,32.51,32.42,32.18,32.04,32,31.89,31.57,31.71,32.08,32.2,31.81,31.1,30.85,30.82,30.47,31.15
30.1,30.01,29.54,29.86,30.04,30.25,30.16,30.5,30.77,31.09,31.33,31.09,30.78,30.58,30.26,30.12,30.4,30.92,30.94,30.67,30.06,29.7,28.91,25.64,30.16
23.51,21.74,21,19.99,19.97,21.3,21.33,21.93,25.47,29.59,29.82,30.67,30.17,30.44,30.51,30.34,30.79,31.49,31.62,31.25,30.86,30.58,29.45,26.74,27.11
23.2,22.6,22.12,22.72,24.38,26.86,30.32,30.92,31.12,31.05,31.03,30.96,30.92,30.88,30.86,30.79,30.89,31.19,31.14,30.93,30.63,29.55,27.79,25.41,28.68
24.81,23.44,23.18,23.26,25.05,26.65,30.03,30.97,31,30.96,30.92,30.79,30.68,30.67,30.58,30.7,30.98,31.9,32.19,31.97,31.74,31.34,30.75,29.9,29.35
27.43,26.16,25.06,25.12,26.8,26.47,28.64,30.44,30.45,30.41,30.26,30.09,30.03,29.94,29.94,29.84,29.93,30.33,30.44,30.22,29.17,27.43,25.66,23.48,28.49
23.04,16.8,16.54,16.55,22.17,25.53,30.29,31.14,31.84,32.06,32.43,32.18,31.85,31.69,31.24,30.9,30.95,32.03,32.68,31.94,30.52,30.12,29.08,27.01,28.36
26.38,24.7,24.24,24.37,26.52,28.93,30.81,32.67,33.48,33.09,32.78,32.39,31.71,31.2,30.92,30.83,30.98,31.78,32.47,31.85,31.26,31,30.93,30.57,30.24
29.28,29.09,28.94,29.1,29.64,29.53,30.71,30.84,31.16,31.46,31.31,31.06,30.2,29.54,29.47,29.59,30.16,31.01,31.08,30.78,29.88,29.75,28.8,26.91,29.97
26.73,26.15,25.1,25.04,26.2,27.17,27.76,28.04,28.9,29.2,29.79,29.75,29.52,29.3,29.19,29.1,29.65,30.64,31.76,30.98,30.41,30.06,29.11,27.72,28.64
27.48,26.4,25.9,26.43,28.44,30.11,30.96,31.93,32.59,32.46,32.28,31.77,30.91,30.58,30.59,30.83,31.26,31.91,32.3,31.68,30.62,28.92,27.27,24.88,29.94
24.17,23.86,23.63,23.58,24.8,27.61,29.34,30.96,31.23,31.02,30.76,30.57,30.62,30.72,30.73,30.85,31.12,32.48,32.72,32.16,31.14,30.86,30.39,29.44,29.37
27.6,27.2,26.38,25.52,28.65,29.98,30.89,32.04,32.8,32.72,32.4,32.2,31.22,30.74,30.83,31.5,32.03,32.48,34.35,32.4,32.13,31.68,31.16,29.7,30.78
29.73,29.31,26.51,26.55,28.28,29.97,31.04,33.23,34.19,32.66,32.41,32.24,32.04,31.7,31.18,31.07,31.05,32.17,37.06,32.02,31.18,30.47,29.25,27.14,30.94
27.53,26.47,26.03,28.13,29.92,30.79,31.72,32.33,32.55,32.42,32.19,31.96,31.8,31.58,31.5,31.46,31.83,32.57,33.87,32.83,31.98,31.73,31.33,30.87,31.06
31.36,30.32,30.04,28.61,28.26,29.22,28.16,29.86,30.98,31.46,31.57,31.15,30.91,30.68,30.11,29.93,30.65,31.13,31.66,31.01,30.76,30.58,29.56,26.13,30.17
26.04,25.02,24.34,24.29,24.36,24.66,24.41,25.47,27.92,29.79,29.17,29.15,28.96,28.71,28.31,28.56,29.46,30.8,32.85,33.36,32.45,31.8,31.3,30.66,28.41
30.4,29.04,27.99,26.58,28.5,30.57,33.37,35.87,39.44,38.04,35.43,34.13,33.84,33.39,33.27,32.92,32.81,37.27,38.88,34.95,32.76,32.38,31.79,31.16,33.12
31.07,30.01,29.99,29.64,31.07,32.52,36,48.58,52.66,52.37,52.21,49.97,47.35,47.32,46.13,43.19,42.09,49.1,56.14,47.75,39.19,37.08,34.97,32.84,41.64
32.51,31.98,31.55,31.38,31.2,32.06,35,41.57,44.53,40.33,36.15,34.18,33.34,32.84,32.8,32.62,32.54,32.94,33.72,33.24,32.67,31.85,31.37,28.97,33.81
29.92,29.82,29.06,29.3,29.28,31.12,32.98,34.21,35.96,34.58,34.22,33.56,33.19,32.91,32.69,32.69,32.76,33.3,33.86,32.86,32.32,32.27,31.11,29.24,32.22
28.63,28.04,27.44,27.65,29.62,30.42,31.9,33.47,33.93,32.56,32.43,32.09,31.51,31.31,31.26,31.59,32.09,33.16,36.63,33.33,32.46,32.34,32.21,31.92,31.58
31.16,30.49,30.13,29.64,29.07,30,31.01,31.26,31.69,32.36,32.21,31.41,31.07,30.19,29.85,29.98,30.81,32.68,33.68,33.01,31.52,31.23,31.08,30.05,31.07
28.75,28.21,26.69,26.9,26.13,28.51,28.29,28.75,29.3,29.59,29.7,29.43,29.4,28.98,28.92,28.9,29.19,29.7,31.15,31.35,30.69,30.62,30.4,29.34,29.12
27.04,26.82,26.9,27.69,29.27,30.79,32.68,37.68,42.53,37.39,34.39,32.84,31.97,31.95,31.7,31.78,31.87,32.26,32.98,31.96,31.53,31.3,30.74,30.18,31.93
28.87,27.93,27.07,27.08,28.43,29.57,31.49,32.79,32.87,31.94,31.57,31.2,30.34,29.84,29.51,29.43,29.7,29.98,30.87,30.31,28.23,25.5,23.15,17.31,28.96
4.09,4.07,4.05,4.06,4.56,23.59,29.64,30.85,31.06,30.63,30.31,29.87,29.01,28.36,28.12,27.89,29.08,30.45,31.06,30.95,30.44,30.01,28.05,23.6,23.91
21.08,21.03,21.71,23.1,27.44,29.7,30.76,32.52,35.67,34.9,32.94,31.87,30.87,30.45,30.19,30.28,30.52,30.69,30.79,30.56,29.89,28.58,25.81,22.97,28.93
17.18,17.02,17.06,18.71,21.64,25.99,29.17,30.63,30.64,30.2,29.88,29.33,28.21,27.31,27.04,26.85,27.13,29.6,30.1,29.97,29.39,27.91,24.5,20.44,26.08
22.07,22.05,21.03,20.94,22.62,22.05,23.11,26.32,28.53,28.91,28.32,27.67,27.12,26.56,26.19,25.57,26.59,29,30.75,31.04,30.52,30.15,30,29.06,26.51
25.93,25.04,25.15,26.82,27.97,29.08,28.17,28.42,28.74,29.25,29.46,29.53,28.93,27.99,27.72,27.67,28.1,29.08,30.12,30.02,28.59,28.49,26.73,23.01,27.92
23.05,22.35,22.05,23.03,25.03,29.65,31.41,37.6,40.97,38.4,36.07,32.93,32.29,31.96,31.16,30.82,30.56,31.16,31.72,31.04,30.56,28.3,25.65,22.21,30
18.76,17.48,15.92,18.02,22.06,23.99,29.93,31.17,31.56,30.84,29.97,29.69,29.08,28.86,28.94,29.37,29.63,30.35,30.78,30.67,29.02,28.14,26.93,22.76,26.83
18.1,18.01,18.06,20.79,26.99,29.23,30.46,31.51,32.22,31.63,31.38,31.16,31.09,30.84,30.6,30.44,30.9,31.26,32.25,31.97,31.25,30.11,29.18,28.47,28.66
27.34,26.23,26.58,27.82,28.53,29.99,31.34,38.12,39.53,35.73,33.12,31.73,30.97,30.99,30.79,30.83,30.9,31.75,33.99,32.8,31.52,31.12,30.62,29.59,31.33
29.04,28.99,29.21,28.87,29,30.14,33.08,41.13,43.79,41.09,35.71,33.01,31.31,30.29,29.9,30.07,30.31,30.84,31.38,30.66,30.05,29.83,29.5,28.89,31.92
27.85,27.13,26.17,26.18,26.37,26.9,27.87,28.86,29.18,28.9,28.28,26.38,26.25,25.83,26.03,26.6,27.68,28.65,30.19,30.67,29.96,29.65,29.33,28.34,27.89
28.74,27.94,26.89,26.97,26.62,24.65,26.87,27.64,28.24,28.58,28.44,27.89,27.31,24.29,23.46,23.2,23.36,24.01,28.53,29.48,29.66,28.57,27.99,25.97,26.89
25.47,24.06,24.1,25.16,26.71,29.38,30.69,34.28,36.54,35.65,34.09,32.44,30.44,29.67,29.11,28.92,29.18,29.69,29.91,30.09,29.89,29.8,29.51,28.5,29.72
24.17,24.28,24.65,26.03,27.72,29.06,31.93,40.85,48.61,42,38.98,36.5,32.29,30.71,29.98,30,30.05,31.39,36.55,40.41,36.98,32.65,30.46,28.9,32.71
28.06,27.37,27.12,26.89,27.2,29.2,34.16,39.56,40.76,41.01,38.88,37.83,37.96,37.94,35.85,33.41,32.52,33.01,34.64,39.5,40.63,37.62,34.32,29.99,34.39
28.7,28.02,27.3,27.25,27.69,28.81,35.71,43.06,47.14,43.91,40.07,38.42,33.82,31.3,30.3,29.65,29.55,31.18,35.07,39.49,31.88,29.87,28.76,28.01,33.12
26.91,24.77,24.45,24.55,25.73,28.03,32.3,37.04,38.99,37.97,35.93,33.32,30.75,29.94,29.26,28.99,28.86,30.43,33.84,33.9,29.87,29.38,28.66,28.34,30.51
26.43,27.31,26.62,25.57,26.35,27.31,27.68,27.42,27.98,28.47,28.26,27.27,26.48,26.07,25.29,24.81,26.28,27.36,28.32,28.41,28.28,28.23,28.08,27.56,27.16
27.55,26.84,26.12,26.03,26.49,26.42,26.65,27.14,28.19,28.85,28.54,28.2,27.45,26.82,26.36,26.02,25.87,27.17,28.36,29.55,29.4,28.78,28.26,27.56,27.44
28.14,28.01,27.95,27.83,28.16,29.14,35.96,43.12,50.59,48.8,47.27,43.87,37.87,35.8,31.45,29.98,30.96,31.38,31.87,31.94,29.71,29.37,28.59,28.15,34
27.49,26.07,26.02,26.08,27.41,28.14,28.9,30.52,31.37,30.36,29.88,29.15,28.84,28.56,28.19,28.12,28.15,28.31,28.63,28.9,28.72,28.47,28.11,26.93,28.39
24.26,24.05,23.88,24.06,25.1,26.72,28.11,28.61,28.82,28.66,28.36,28.17,27.99,27.68,27.39,27.3,27.29,27.47,27.67,27.63,27.74,27.46,25.93,22.69,26.79
20.88,18.58,19.73,21.76,23.73,26.71,28.26,29.83,30.64,30.46,30.01,29.32,28.84,28.55,28.33,28.19,28.08,29.95,30.38,30.37,29.82,28.1,27.58,26.96,27.29
25.01,23.8,23.74,24.07,25.5,27.3,28.5,34.49,39.47,34.82,33.16,31.6,29.21,29.07,29.29,28.37,28.11,28.31,28.51,28.57,28.64,28.55,27.93,27.36,28.89
27.98,27.85,27.83,27.92,27.99,28.3,28.24,28.65,28.72,29.08,29.12,28.95,28.68,28.38,27.81,27.44,27.66,28.13,28.35,28.43,28.52,28.53,28.51,28.08,28.3
26.28,25.05,24.8,24.5,24.55,24.7,23.86,24.38,27.14,28.25,27.6,26.59,25.06,23.92,22.97,22.93,23.67,25.07,27.21,27.73,27.87,27.58,26.42,24.08,25.51
24.45,23.02,20.36,17.84,20.51,25.46,27.67,28.73,28.79,28.56,28.15,27.57,26.58,26.2,24.7,24.62,24.26,26.2,26.65,27,26.83,26.35,22.1,6.76,24.56
4.97,4.92,4.1,5.64,10.38,18.02,24.88,27.54,27.7,27.55,27.49,27.32,27.15,27.15,26.79,26.62,26.9,27.41,27.78,28.3,28.18,27.86,26.92,25.87,22.39
25.99,24.42,24.18,24.47,24.81,25.98,28.13,28.79,28.84,28.79,28.62,28.02,27.86,27.76,27.54,27.46,27.11,27.56,28.3,28.45,28.46,28.22,27.32,24.25,27.14
24.09,23.46,23.05,23.08,24.16,26.76,27.81,28.06,28.38,28.46,28.47,28.29,27.67,27.42,27.34,27.22,27.59,28.06,28.18,28.18,28.28,28.07,27.77,27.46,26.97
27.42,26.78,26.65,26.73,26.69,26.76,26.93,27.7,28.46,28.23,27.82,27.88,27.31,27.69,27.65,27.79,28.34,28.95,29.49,30.72,32.14,30.4,29.87,28.99,28.22
30.01,29.25,28.65,27.51,27.82,27.6,27.88,27.87,28.36,28.73,28.77,28.57,28.24,27.97,27.57,27.29,27.22,27.66,27.91,28.15,28.48,28.39,27.79,27.58,28.14
28.37,28.19,28.13,28.07,28.13,28.32,28.32,28.21,28.46,28.45,28.56,28.74,28.51,28.33,27.96,27.7,27.74,28.08,29.17,30.32,31.99,31.76,30.9,29.73,28.84
29.21,27.26,27.11,27.28,27.67,27.95,28.21,28.12,29.4,30.17,29.6,29.06,28.33,28.16,27.89,28,28.05,27.95,28.21,29.8,31,30.85,29.79,29.34,28.68
29.05,28.36,27.77,27.26,27.94,29.94,33.01,42.31,45.39,41.05,39.88,37.97,35.9,33.83,31.04,30.72,30.1,30.86,33.1,36.62,36.73,34.59,31.89,30.07,33.56
30.35,30.02,29.94,30.25,30.83,31.81,38.9,46.88,48.38,43.67,38.97,37.4,37.1,36.61,34.47,33.07,33.73,36,37.63,38.31,37.2,35.75,32.24,30.51,35.83
29.2,28.98,28.99,28.98,29.04,29.33,31.25,34.86,34.43,31.94,31.07,30.46,30.1,29.67,29.37,29.17,29.15,29.19,29.05,28.96,28.91,29.05,28.38,26.14,29.82
21.55,19.93,19.71,20.43,22.16,23.3,23.62,28.78,29.14,26.79,24.2,22.45,22.03,20.64,20.29,18.55,16.09,18.09,18.97,19.38,20.89,20.02,4.29,1.7,20.13
3.74,2.7,1.88,2.35,2.82,3.79,9.19,10.72,13.09,19.41,20.25,20.3,19.56,18.68,16.4,12.91,15.13,10.99,20.79,23.01,24.5,24.2,24,20.36,14.2
24.08,23.56,22.98,23.77,23.86,23.7,19.97,24.01,26.88,28.56,28.59,28.56,28.33,27.12,26.15,25.4,26.39,25.82,26.16,29.29,30.73,30.86,30.42,29.33,26.44
28.87,27.65,27.42,26.48,27.46,29.53,33.42,40.08,41.67,37.98,36.17,34.36,32.94,32.55,31.91,31.39,30.43,31.42,32.72,32.89,32.99,32.41,30.83,29.06,32.19
29.13,29.08,28.99,29.02,29.12,29.77,36.14,41.17,43,41.94,39.8,38.1,35.09,33.91,32.01,31.59,32.46,36.55,38.97,41.92,41.91,40.82,37.5,32.59,35.44
30.54,30.25,30.2,30.06,30.44,33.1,42.3,45.82,52.18,46.98,45.61,44.75,44.01,42,39.11,38.64,38.61,40.92,39.74,40.21,37.21,39.4,36.61,32.58,38.8
31.42,30.49,30.31,30.3,30.76,32.48,41.05,44.97,45.93,43.67,42.92,40.95,36.71,35.85,35.29,34.82,33.69,35.56,36.74,37.78,38.65,39.63,34.87,32,36.54
31.38,31.03,30.61,30.68,31.02,32.72,35.42,41.54,44.78,43.9,40.43,40.9,38.06,34.61,32.82,32.26,31.97,32.84,33.52,33.26,33.59,33.8,31.87,30.34,34.72
32.24,29.71,29.88,29.86,30.16,30.58,31.42,32.64,32.69,32.56,30.59,30.13,30.07,29.69,29.05,28.77,28.36,29.93,31.8,33.81,33.68,33.78,32.14,30.47,31
30.01,29.38,28.81,28.35,28.06,28.07,27.85,28.6,28.86,29.85,30.21,30.01,29.81,29.73,28.9,28.39,28.37,28.39,28.7,29.04,29.43,29.55,28.33,27.55,28.93
26.94,24.38,24.33,23.9,23.78,23.19,23.69,27.87,28.85,29.42,29.59,29.3,28.96,28.62,26.83,24.89,24.22,25.47,28.17,28.76,29.51,29.82,29.22,25.2,26.87
25.93,23.67,24.13,24.21,27.95,28.89,33.13,36.67,37.3,35.12,34.01,32.67,31.7,31.54,30.44,30.41,30.43,30.99,31.26,31.77,31.55,31.74,30.57,28.46,30.61
28.59,27.43,27.48,27.81,28.92,30.06,31.87,33.7,35.07,34.27,33.73,32.44,31.96,31.81,31.07,30.86,30.77,31.25,31.47,31.51,31.57,31.56,30.52,28.6,31.01
28.08,26.26,24.57,24.82,25.8,27.57,30.42,32.28,33.04,32.02,31.6,31.18,30.85,30.56,30.11,29.9,29.79,30.12,30.41,30.47,30.26,30.3,29.72,26.59,29.45
26.25,24.76,24.62,24.89,25.88,29.73,30.59,32.8,33.45,32.42,31.96,31.35,30.98,31,30.71,30.39,30.46,30.98,31.02,30.9,30.45,30.31,30.24,28.87,29.79
27.04,26.31,26.27,26.55,26.93,27.86,29.27,30.14,30.93,32,31.53,30.64,30.79,30.1,29.6,28.93,28.93,30.37,31.19,31,30.98,31.72,30.81,30.17,29.59
28.31,26.73,26.48,26.17,26.83,26.25,25.43,26.66,28.66,30.06,30.33,30.18,29.5,28.53,27.31,26.88,26.68,27.48,29.8,30.43,31.1,31.24,30.51,27,28.27
26.83,25.47,24.96,24.14,24.54,27.24,30.01,30.8,31.5,31.75,31.71,31.4,31.18,31.05,30.9,30.56,30.3,31.12,31.41,32.01,32.83,33.88,32.99,30.97,29.98
30.5,29.83,29.24,28.94,29.74,31.04,32.96,39.36,42.99,43.9,42.1,42.11,39.65,38,35.57,35.34,33.34,34.55,34.12,33.86,34.9,35.35,34.15,31.77,35.14
31.29,30.62,30.27,30.31,30.77,32.39,37.41,43.39,47.89,42.93,39.16,39.22,36.13,36.12,34.52,34.12,35.01,40.27,41.06,42.64,39.7,39.52,36.91,32.6,36.84
31.16,30.41,29.5,29.26,29.59,30.89,34.91,43.1,44.49,41.93,38.54,37.47,36.03,35.23,33.44,33.82,33.19,34.8,35.75,34.94,32.98,31.64,30.52,28.76,34.26
29.88,27.99,27.46,27.27,27.09,29.96,33.1,36.38,41.16,36.38,34.96,35.03,35.16,31.62,30.86,30.45,30.51,31.21,31.43,31.45,31.3,31.31,30.8,30.2,31.79
29.42,28.95,28.72,28.52,28.12,28.73,29.05,30.17,32.21,33.28,31.97,31.04,30.28,29.14,28.44,28.48,28.88,29.9,32.2,32.42,31.85,31.66,31.4,30.34,30.22
27.66,26.54,25.65,25.63,25.82,25.83,26.41,27.11,27.99,29.11,29.41,29.25,29.1,28.42,27.97,28.06,28.78,29.46,30.65,31.63,31.99,31.94,31.45,30.37,28.59
29.59,27.43,27.18,26.7,27.16,29.77,32.99,35.46,36.74,35.81,35.91,34.94,34.81,34.2,32.68,32.18,32.35,36.84,40.14,38.91,33.02,32.94,31.79,30.25,32.91
29.03,28.01,27.35,27.18,27.03,28.18,31.04,39,42.37,39.37,35.78,34.85,32.66,31.11,30.83,30.63,30.39,30.8,30.9,30.78,30.2,29.65,29.04,27.03,31.38
25.01,24.43,24.26,24.33,24.8,25.24,27.94,33.51,36,34.62,33.53,32.94,32.41,32.74,29.85,28.91,29.48,33.94,37.25,36.18,32.47,31.79,28.04,26.68,30.26
25.41,23.72,22.43,20.68,22.63,24.61,26.93,31.03,32.41,30.38,29.56,30.65,29.7,29.27,29.12,28.97,29.03,31.6,31.95,31.03,28.38,28.08,27.7,26.81,28
25.66,25.01,24.71,25,25.13,26.72,30.38,38.96,41.55,39.9,38.95,39.8,37.72,36.38,34.21,33.76,30.31,31.19,31.8,29.77,28.84,28.64,26.97,25.06,31.52
23.44,23.04,22.18,20.94,20.84,22.57,23.26,23.78,24.93,25.04,24.25,24.11,23.83,22.83,21.97,22.27,23.87,25.03,27.37,27.17,25.66,26.49,26.31,25.19,24.02
23.09,18.12,14.12,12.18,11.65,11.52,11.98,12.36,14.04,18.79,20.66,20.8,18.92,17.88,16.14,17.19,18.84,23.05,24.42,25.81,25.15,25.39,24.77,23.95,18.78
23.36,23.14,22.97,22.87,23.08,24.49,29.19,37.51,41.19,38.82,37.02,36.99,36.96,37.91,36.93,36.94,36.06,34.79,35.11,33.7,28.74,27.95,26.83,24.22,31.53
24.07,23.34,23.07,23.01,23.28,24.26,28.28,33.95,39.97,41.89,38.05,36.94,33.97,30.5,31.01,29.1,29.06,31.84,33.75,33.39,27.71,28,27.31,24.99,30.03
22.64,21.22,19.61,19.64,20.92,23.22,25.93,33.64,34.21,33.62,31.21,32.35,29.36,28.11,27.64,26.25,26.37,27.83,27.81,32.64,25.96,26.69,26.83,25.18,27.04
24.37,23.84,23.57,23.4,22.94,24.09,24.13,24.93,25.85,25.79,25.59,26.02,25.16,23.13,22.72,22.64,23.48,25.71,26.26,27.12,26.31,27.91,26.35,25.31,24.86
24.07,23.69,23.48,22.94,23.69,25,27.36,33.97,36.57,35.6,34,33.08,30.86,28.32,27.12,27.53,28.63,32.05,33.95,33.16,29.12,29.34,28.67,26.72,29.12
25.61,24.69,24.3,24.05,23.79,23.62,24.72,27.24,29.4,28.75,26.1,25.29,24.39,24.32,24.08,23.89,24.26,26.26,28.33,28.22,27.23,26.24,25.35,24.08,25.59
21.25,16.08,18.66,16.58,14.25,9.91,14.36,18.27,19.04,22.82,23.56,23.39,22.77,22.45,21.91,21.73,22.53,23.83,25.5,25.9,26,25.82,25.11,24.06,21.07
22.27,21.4,21.43,22.03,22.69,24.82,33.93,41.67,43.06,42.71,41.82,41.32,38.93,38.33,35.58,36.32,37,41.16,43.02,42.32,35.98,35.57,33.31,28.23,34.37
27.28,26.54,26.37,26.29,26.43,30.54,38.05,49.6,52.23,50.08,46.13,44.32,44.82,43.1,39.07,34.03,33.06,35.1,39.91,40.95,38.35,36.83,31.51,26.14,36.95
24.62,23.87,23.56,22.58,22.53,23.98,26.45,36.78,38.59,34.29,30.08,28.9,29.04,28.01,26.52,26.16,25.93,26.07,26.58,26.43,25.93,26.2,26.1,25.27,27.27
21.97,21.23,20.64,20.69,21.84,23.69,26.83,37.39,40.08,38.03,33.24,33,31.01,31.86,31.34,34.08,34.11,36.67,38.38,42.04,33.8,33.12,31.81,26.41,30.97
26.38,25.83,24.99,24.59,24.34,26.14,35.33,40.24,41.5,39.96,38.67,38.83,38.25,35.95,34.45,34.82,35.96,39.7,42.78,43.82,36.86,36.84,39.18,33.53,34.96
30.03,30.02,28.05,26.41,25.86,25,25.28,26.03,26.33,28.57,28.31,27.03,26.49,26.93,26.71,26.97,27.61,28.66,29.54,28.85,27.55,27.18,27.38,26.16,27.37
26.31,25.17,23.77,22.88,21.58,19.98,20.33,22.93,24.13,24.99,26.03,25.85,26.1,24.86,24.58,24.13,24.44,24.94,25.76,27,26.44,26.48,30.08,26.32,24.8
24.74,23.93,22.53,21.68,21.65,23.09,24.1,24.62,27.02,26.52,24.95,25.31,24.52,24.11,24.07,24.69,26,26.9,30.22,31.1,27.13,26.76,27.31,26.1,25.38
24.22,19.94,14.97,10.8,10.22,17.7,24.62,26.47,27.37,27.14,26.72,26.31,25.62,23.78,22.71,21.54,20.98,21.95,22.72,23.08,21.92,20.44,20.23,13.55,21.46
10.67,8.8,6.82,4.63,4.42,5.71,19.8,23.68,24.53,23.93,23.58,22.99,22.27,22.17,21.88,20.27,19.93,19.7,20.37,23.13,22.03,21.97,21.58,18.4,18.05
15.5,10.2,9.91,9.86,9.92,18.6,24.09,27.98,29.3,29.39,31.47,31.67,30.38,30,29.88,30.02,31.65,33.95,36.4,37.76,32.45,33.73,32.48,28.08,26.44
26.76,24.91,24.61,24.04,24.3,27.54,33.29,39.38,42.59,40.59,40.22,40.81,36.38,33.83,31.05,29.09,29.69,31.44,33.2,32.88,28.94,27.66,26.36,24.77,31.43
26.68,24.47,24.1,23.65,23.19,23.67,24.27,26.76,29.15,31.17,29.9,29.94,28.35,25.86,25.01,25.03,26.6,29.1,31.49,29.88,27.24,27.47,27.35,25.89,26.93
26.5,24.52,21.78,18,15.39,12.6,12.84,16.49,18.43,20.86,21.91,21.88,21.65,21.09,20.8,20.22,21.15,23.58,25.82,27.91,26.75,26.4,25.76,24.36,21.53
24.22,20.66,18.15,14.6,15.66,19.88,24.73,33.17,33.84,29.95,28.26,26.36,23.27,22.72,22.28,22.2,21.96,22.23,24.31,23.94,23.33,23.26,22.38,20.01,23.39
17.98,10.7,7.87,7.42,8.92,15.85,22.67,25.6,27.71,26.39,26.66,28.3,27.4,27.75,27.78,27.23,25.88,29.13,35.48,37.91,34.31,34.12,32.14,26.22,24.64
24.21,23.33,23.1,23.13,23.37,24.06,33.57,40.27,43.76,41.63,41.12,39.93,36.94,35.99,35.92,35.02,34.35,36.32,36.81,35.39,30.03,28.97,28.85,26.14,32.59
26.36,25.63,24.68,24.53,24.48,26.92,31.25,36.9,38,35.49,30.69,32.76,29.14,28.41,29.03,27.16,29.51,30.79,31.64,30.96,27.71,28.29,29.61,26.48,29.43
24.74,23.35,22,21.07,21.05,22.41,25.94,30.77,27.97,26.66,24.23,23.97,23.49,23.3,22.84,22.53,22.09,22,21.77,23.01,23.05,22.96,23.23,21.83,23.59
20.3,18.02,17.08,19.49,18.46,19.77,19.14,21,23.01,23.49,23.24,23.09,22.82,22.55,22.09,22.22,22.91,23.98,24.54,24.4,24.01,23.63,23.65,23.06,21.91
24.26,23.74,23.41,23.08,21.95,22.49,23.39,24.08,24.4,24.4,24.34,24.24,24.13,23.53,21.98,22.9,23.6,24.26,24.26,24.39,24.38,24.2,24.91,24.91,23.8
24.08,23.76,23.32,23.12,23.55,24.24,25.33,28.87,28.6,28.38,28.86,28.12,27.92,27.07,27.19,25.74,24.95,25.94,27.27,28.89,27.48,26.51,25.55,24.28,26.21
24.35,23.71,23.01,22.63,22.81,23.64,26.9,30.7,32.84,30.47,30.72,28.26,26.46,25.88,25.13,24.55,24.2,24.23,24.33,24.68,24.33,24.22,24.26,23.95,25.68
23.96,23.25,23.04,22.92,22.91,24.17,29.57,30.42,29.94,31.13,33.02,33.53,34.03,32.89,31.86,28.82,27.71,32.86,36.4,38.75,33.04,40.64,39.85,32.97,30.74
29.99,27.85,25.58,25.01,25.04,29.47,36.46,42.39,44.8,40.88,38.91,37.15,34.96,31.71,30.32,30.37,30.17,37.43,39.9,40.9,38.05,37.56,35.2,30.23,34.18
25.33,23.55,22.43,21.41,21.59,23.34,26.86,31.02,32.81,33.27,30.45,29.05,27.77,26.1,25.07,24.98,25.01,27.68,27.66,27.55,25.25,25.16,25.61,25.16,26.42
25.12,23.78,23.24,22.28,20.28,19.99,22.09,23.75,24.03,23.93,22.88,22.37,22.14,21.42,20.6,19.68,19.41,22.07,23.57,23.78,23.69,23.74,23.87,23.49,22.55
23.95,23.03,20.79,18.25,14.45,10.25,10.26,17.69,19.26,21.22,21.97,21.88,21.76,21.07,20.56,19.91,20.38,17.58,21.69,23.2,23.2,23.37,23.2,21.8,20.03
21.86,20.24,17.4,16.91,16.95,22.36,26.52,29.38,32.86,32.83,28.43,27.91,27.49,27.35,26.2,27.2,27.36,27.47,26.71,26.71,26.01,26.37,25.86,23.29,25.49
23.21,22.9,22.59,22.5,22.51,28.7,33.13,41.37,45.89,46.3,46.69,48.04,45.95,44.45,44.1,37.42,31.21,33.03,36.95,36.89,30.78,29.97,28.83,27.3,34.61
28.77,27.35,26.02,25.4,25.34,27.96,32.76,38.64,41.51,41.99,41.95,42.7,43.58,39.92,36.57,33.79,34.9,38.4,38.97,39.04,33.32,28.71,28.09,24.08,34.16
22.23,21.82,21.77,21.81,21.86,22.74,31.5,40.11,45.83,46.39,46.39,46.66,44.89,44.11,41.71,38.23,37.31,37.31,38.09,38.08,33.14,30.58,28.5,25.11,34.42
24.21,22.43,21.97,21.75,21.83,23.05,27.91,36.28,37.98,35.99,35.51,32.24,29.33,27.29,25.08,25.09,26.63,29.61,32.66,30.42,26.43,25.57,25.39,23.76,27.85
27.16,23.81,23.47,23.34,23.26,23.46,24.95,26.77,28.82,31.62,32.54,32.36,29.1,26.07,26.33,26.04,26.09,29.01,29.34,29.18,29.39,28.91,28.06,25.63,27.28
24.36,23.12,22.73,22.63,20.27,20.59,21.3,23.07,24.76,26.08,26.26,25.92,25.02,23.02,22.74,22.44,22.26,22.35,25.99,26.4,24.34,24.25,24.75,25.86,23.77
23.26,22.77,22.31,22.29,22.65,23.19,23.85,26.44,28.43,28.28,28.94,28.69,27.99,27.49,26.76,27.34,27.53,28.03,27.92,26.82,27.44,26.57,26.53,26.07,26.15
27.8,24.14,23.3,23.2,23.07,23.19,25.68,30.2,32.76,35.13,34.74,32.97,31.93,31.93,30.55,31.82,32.14,36.07,39.04,40.04,40.22,39.39,36.69,32.99,31.62
31.95,31.15,29.04,27.63,27.3,31.12,37.11,42.86,46.01,44.18,43.71,42.06,38.93,38.09,37.44,37.38,38.9,40.83,41.5,43.48,41.98,42.87,40.66,35.47,37.99
33.03,31.44,29.88,29.81,29.19,32.06,36.94,42.29,48.24,43.08,41.86,40.03,36.59,36.63,36.42,39.52,40.6,44.31,45.05,47.46,47.07,44.93,41.68,35.61,38.91
34.16,32.07,30.8,30.69,29.64,30.84,35.87,41.88,45.54,45.58,44.61,44.38,40.63,35.27,32.84,32.63,32.4,37.87,40.58,42.74,40.8,39.49,39.82,34.73,37.33
35.16,33.65,31.86,30.68,29.87,29.09,30,32.02,34.58,36.71,35.89,35.37,33.22,31.41,30.18,30.05,30.83,31.99,32.12,32.03,31.77,31.85,32.19,30.95,32.23
31.06,30.33,29.12,28.5,28.1,28.76,29.49,29.83,30.03,31.26,31.26,32.4,32.07,31,29.88,30.69,31.28,33.8,36.75,40.1,39.95,40.36,41.27,35.1,32.6
31.98,29.92,29.44,29.08,29.31,30.42,37.12,44.03,50.07,50,49.93,49.92,48.86,47.8,45.27,43.99,40.65,40.95,41.62,42.97,40.21,38.86,38.96,33.17,40.19
30.67,29.83,29.61,28.96,28.95,29.8,34.09,41.44,44.22,43.43,42.03,41.45,39.42,36.01,34.21,34.42,35.39,37.62,39.99,41.2,39.72,38.68,36.39,32.42,36.25
31.7,30.14,29.1,28.52,28.43,29.3,34.77,39.94,44.01,44.31,44.16,43.9,41.07,39.9,37.27,33.93,32.19,33.29,32.95,32.82,30.5,29.86,29.37,27.28,34.53
26.05,24.37,23.04,24.76,25.08,26.04,27.23,30.17,34.85,35.08,35.52,34.96,30.26,30.04,29.07,30.27,33.46,36.36,37.16,39.1,39.32,39.25,37.62,31.32,31.68
31.68,31.38,28.96,28.15,27.46,28.88,35.86,39.76,44.9,43.32,41.62,38.94,37.1,35.97,31.91,30.34,31.29,36.92,39.95,41.64,38.19,38.16,34.46,29.77,35.28
30.73,28.82,28.06,27.43,27.59,27.29,27.46,28.94,31.17,33,32.63,32.26,31.44,30.06,29.07,28.64,28.89,30.24,32.13,32.13,29.17,29.15,28.54,27.29,29.67
28.42,27.06,26.81,26.45,25.05,24.83,25.11,25.97,26,26.13,26.4,26.36,26.21,26.09,25.37,25.22,26.25,26.52,26.7,26.75,26.78,27,26.91,26.49,26.29
25.73,24.4,23.98,23.83,23.98,25.15,26.18,27.53,28.04,28.34,27.91,27.2,26.68,26.59,26.52,26.35,26.26,26.45,26.58,26.6,26.62,26.57,26.29,25.55,26.22
25.71,24.92,24.26,24.27,24.24,25.54,26.57,27.99,30.1,32.79,33.36,31.59,31.37,30.38,29.27,28.9,27.76,27.86,28.26,28.12,27.99,27.96,27.64,26.37,28.05
26.18,25.76,24.82,24.04,24.43,26.04,26.52,27.88,28.76,30.77,34.05,34.49,31.7,31.71,32.9,35.66,33.91,32.79,33.5,31.57,29.14,28.6,27.76,26.29,29.55
26.84,25.63,25.08,25.09,25.06,26.18,27.49,29.99,34.51,37.07,37.09,37.05,37.01,37.02,36.02,34.88,33.66,35.63,35.66,35.65,32.53,32.25,30.15,27.46,31.88
27.47,26.92,26.68,26.21,26.44,27.4,32.76,35.35,35.83,38.87,37.51,38.1,35.98,32.94,32.87,32.9,34.27,34,34.75,35.44,33.05,32.61,32.94,31.9,32.63
31.43,27.93,27.15,27.04,26.8,26.75,27.31,30.18,33.12,33.85,34.83,33.83,32.25,30.02,28.78,29.18,29.82,32.45,32.87,32.33,31.03,30.6,28.89,27.05,30.23
27.26,27.02,26.05,24.68,23.07,23.96,23.9,25.17,25.78,26.67,26.87,27.18,27.22,26.45,25.51,25.87,26.21,27.05,27.85,28.77,27.82,27.91,27.38,27.09,26.36
27.05,26.68,26.4,26.08,26.05,26.94,31.9,37.46,40.15,45.28,47.29,46.62,45.36,43.83,41.28,39.96,38.26,38.75,37.26,37.73,35.55,33.89,33.76,29.66,35.97
30.27,28.26,26.79,26.81,26.04,26.21,27.11,28.54,29.76,29.58,30.5,29.87,29.77,29.53,29.48,29.18,28.87,29.77,32.34,33.39,32.89,32.17,31.44,29.01,29.48
26.59,25.86,25.07,22.93,23.08,25.53,27.33,29.49,29.91,30.08,32.1,31.8,36.32,35.1,35.21,33.27,31.22,29.01,28.94,28.92,28.98,29.21,29.56,29.34,29.37
28.06,26.87,25.36,23.69,25.08,26.93,28.48,28.94,31.91,35.85,37.13,37.56,37.57,37.12,35.14,33.69,33.57,34.88,33.96,33.76,30.23,28.86,29.18,30.24,31.42
29.67,28.07,27.42,26.8,26.46,27.48,29.13,30.17,34.73,36.16,34.65,30.26,27.51,26.77,26.59,26.19,26.81,27.74,27.83,27.78,27.67,27.64,27.62,27.1,28.68
27.1,23.92,19.61,14.64,10.37,12.18,14.88,21.52,23.72,24.72,25.99,25.88,24.99,24.04,22.97,21.67,22.9,25.47,27.01,27.2,27.21,27.29,27.46,27.2,22.91
26.06,22.03,22.3,23.47,22.2,22.26,22.26,23.48,24.39,24.45,25.36,25.11,25.35,24.58,24.15,23.42,21.27,22.95,24.81,27.09,27.32,27.59,27.54,27.11,24.44
26,25.56,25.28,24.32,24.64,26.01,26.97,27.52,27.73,27.77,27.77,27.65,27.55,27.4,27.35,27.27,27.26,27.34,27.39,27.37,27.41,27.47,27.51,26.88,26.89
26.97,26.62,26.18,25.93,25.95,26.65,26.91,27.46,27.75,28.59,29.35,29.15,28.89,28.8,28.46,28.37,28.29,28.23,28.57,28.32,27.81,27.54,27.49,27.1,27.72
26.73,25.74,25.36,25.02,25.16,27.07,29.53,32.07,35.69,35.6,35.09,33.93,32.16,29.18,28.87,27.97,28.12,31.67,31.2,31.05,30.83,32.42,30.44,27.41,29.93
27.43,25.94,24.76,23.36,23.39,25.08,26.7,28.8,32.52,35.04,35.03,33.87,30.57,27.34,26.89,26.36,25.95,25.94,26.82,27.07,26.8,26.81,26.67,25.52,27.69
25.16,22.7,21.3,19.03,18.95,23.72,26,26.12,26.52,26.61,26.48,25.61,25.26,25.06,24.92,24.85,24.79,24.82,26.2,26.06,25.89,25.86,25.63,24.58,24.67
24,23.03,22,21.49,20.7,20.44,22.84,23.67,24.75,25.28,25.82,25.73,25.06,23.37,23.43,24.55,25.04,25.88,26.67,26.78,26.69,27.3,26.68,25.24,24.44
24.91,20.57,18.03,16.59,13.69,10.87,10.75,16.25,20.24,20.79,22.68,23.04,23.14,20.72,20.36,20.47,22.17,22.69,25.54,26.67,27.24,31.13,31.03,26.97,21.52
27.06,25.96,25.28,24.8,24.86,28.28,34.34,37.8,37.85,36.42,34.08,33.14,29.03,27.53,28.1,29.04,32.65,36.95,40.44,40.04,35.85,35.06,33.46,26.69,31.86
28.09,26.86,25.34,24.59,24.64,26.96,31,35,36.51,37.06,36.2,36.38,34.74,31.51,29.56,30.95,31.33,32.36,33.09,30.09,28.77,28.52,26.16,24.68,30.43
25,23.06,21.12,19.08,19.11,24.55,25.87,27.29,32.56,32.35,31.49,30.59,27.74,26.56,27.09,29.25,28.64,32.07,30.73,30.95,29.9,30.1,28.68,26.02,27.49
27.05,26,25.41,25.58,25.39,27.76,33.57,36.81,40.88,41.95,41.95,41.93,41.63,40.95,39.2,37.88,36.24,37.05,38,38.66,35.6,35.31,33.94,28.86,34.9
28.99,28.13,27.03,26.29,26.12,28.11,31.79,40.75,46.98,49.68,51.18,61.36,52.65,46.8,39.09,39.01,35.46,33.07,33.03,33.05,29.88,29.73,29.39,27.37,36.46
25.63,23.62,21.23,20.72,19.31,17.59,20.37,23.66,24.37,25.84,25.56,25.67,25.1,24.98,24.96,24.26,24.87,24.91,25.42,25.44,25.67,25.54,24.02,22.39,23.8
23.66,21.66,20.42,18.09,13.67,12.34,12.16,18.01,21.28,23.36,24.53,24.82,24.73,24.69,24.56,23.68,24.26,24.81,26.59,27.78,30.08,33.21,30.87,27.37,23.19
28.42,26.37,25.24,25.17,25.28,27.64,32.9,37.9,39.39,38.23,39.12,39.22,39.02,39.13,37.8,36.99,35.27,36.68,39.64,41.32,37.47,36.74,31.57,26.82,34.31
26.78,26.33,25.34,25.31,25.3,27.56,33.53,35,36.73,34.97,33.76,31.91,31.45,31.35,31.42,31.31,30.42,31.52,35.06,35.3,35.24,34.11,29.04,27.1,31.08
26.66,26.06,25.84,25.83,26.05,27.42,34.14,37.61,42,42.39,41.93,41.92,40.32,40.03,38.47,35.35,37.16,39.94,41.93,43.15,39.52,40.1,36.02,31.36,35.88
30.03,29.09,27.55,27.49,29.15,30.42,38.17,47.35,47.32,50.04,50.06,53.88,50.36,50.01,47.77,40.73,36.26,36.19,37.42,38.04,37.45,36.71,31.73,29.09,38.85
28.5,28.29,27.28,26.35,27.7,28.61,33.63,38.86,43.29,44.47,48.01,48.05,40.96,40.05,38.69,40.39,33.89,35.71,37.43,38.7,36.99,37.02,34.95,29.45,36.14
29.12,27.23,26.92,26.32,25.83,25.87,26.62,29.41,29.46,31.71,32.31,31.66,30.24,28.94,27.07,26.19,26.22,26.57,27.04,26.88,26.63,27,25.33,24.41,27.71
24.19,22.44,21.36,21.1,20.01,18.24,20.48,23.25,24.07,25.51,26.34,26.47,26.16,25.79,25.73,25.68,26.17,27.15,27.55,27.47,28.5,30.57,29.06,26.4,24.99
24.32,23.72,23.43,23.69,23.11,24,30.77,38.27,42.69,45.03,47.85,48.09,48.01,47.85,45.54,43.98,39.78,45.03,40.5,41.86,41.01,40.31,36.99,31.24,37.38
31.98,29.7,29.53,27.9,27.78,31.78,37.71,48.04,57.35,57.39,59.95,59.98,59.92,57.39,57.34,50.02,39.04,45.08,44.71,48.17,45.07,43.38,38.81,34.85,44.29
31.82,31.7,30.36,30.4,30.07,31.74,39.07,99.98,120.01,105.57,100,85.06,79.83,81.05,86.01,65.19,49.12,75.34,49.03,49.24,44.96,41.92,35.96,31.29,59.36
30.72,31.04,30.9,30.92,29.18,31.01,37.35,48.02,48.39,50.51,54.39,50.94,53.87,54.5,49.08,45.22,39.73,44.83,42.75,44.89,44.55,41.88,36.67,33.14,41.85
32.63,31.31,30.13,29.99,30.68,32.28,40.01,43.97,47.41,49.61,50.05,47.7,43.37,41.03,39.76,38.56,36.04,40.41,42.93,45.7,45.4,41.24,37.93,34.6,39.7
34.75,32.21,31.38,30.89,30.61,30.29,30.47,31.14,33.96,35.96,35.65,34.2,32.31,31.93,31.59,32.26,32.96,36.03,37.44,37.63,37.91,39.97,37.52,34.06,33.88
34.95,32.2,31.31,31.18,31.17,31.13,31.58,32.98,34.79,35.63,38.63,38.68,36.9,34.24,33.53,33.29,32.94,32.38,35.2,38.96,42.21,42.43,38,34.2,34.94
33.54,30.94,30.64,30.4,30.42,31.99,42.13,74.8,81.98,74.8,74.79,70.63,54.09,50.55,46.84,44.7,39.75,44.93,46.6,50,47.01,41.23,35.87,32,47.53
30.17,29.67,29.52,29.31,29.38,29.95,35,36.99,37.46,37.44,37.41,35.58,34.42,34.22,36.02,36.01,36.86,37.33,37.89,39.26,38.61,38.3,34.2,31.18,34.67
31.19,30.26,29.83,29.56,29.6,30.82,36.51,42,44.43,43.97,43.39,45.27,42.63,40.07,39.5,37.92,37.4,40.56,41.37,40.07,39.49,37.04,32.48,30.57,37.33
30.57,29.97,29.75,29.25,29.54,30.42,33.79,39.92,43.28,44.92,48.43,46.4,44.34,42.52,42.41,41.97,40.19,41.9,43.08,41.4,42.64,38.69,35.36,32.53,38.47
31.82,30.95,30.21,29.64,30.46,31.51,35.43,41.05,45.83,45.12,44.9,45.02,44.05,38.79,37.17,38.63,38.56,39.36,42.2,42.84,42.05,38.6,36.21,34.44,38.12
32.22,31.29,30.85,30.62,30.7,30.7,31.1,32.39,35.1,38,38.15,38.03,35.37,33.91,33.08,32.5,32.44,33.94,36.31,38.34,38.11,36.99,34.61,32.05,34.03
32.29,31.41,31,30.77,30.62,30.44,30.98,32.18,33.37,34.4,34.64,34.48,34.46,33.46,32.64,32.34,32.32,33.46,35.01,38.02,39.21,36.93,33.81,32.27,33.35
30.89,30.37,29.95,29.84,30.29,30.8,37.84,44.92,52.06,49.1,50.08,48,48.04,42.2,39.19,39.17,39.18,40.76,42.91,45.48,39.73,37.14,36.93,33.22,39.5
31.52,30.42,30.24,30.24,30.4,31.04,36.37,48.95,66.84,66.9,67.61,69.88,69.18,50.35,50.09,50.08,53.57,53.63,48.44,54.92,41.86,38.05,36.52,32.97,46.67
30.6,30.33,29.97,30.5,31.18,31.26,36.32,47.19,57.91,60.1,67.99,80.43,76.05,50.02,48.65,44.56,46.44,44.89,43.07,46.13,42.43,35.56,31.95,31.01,44.77
29.81,29.04,28.5,28.53,28.85,29.06,34.63,42.87,49.91,49.98,50.35,49.99,52.93,43.04,45,49.69,49.94,49.07,44.81,50.99,49.79,41.02,35.37,32.79,41.5
32.05,30.39,29.55,29.7,30.36,31.45,33.31,49.6,56.72,56.88,50.1,50.05,45.54,38.64,36.43,34.89,34.7,34.75,34.09,34.56,34.3,33.02,30.86,29.59,37.56
29.51,29.34,29.02,28.88,28.65,28.77,28.99,30.72,32.6,33.41,33.6,33.44,33.22,33.02,31.83,31.84,32.87,33.1,34.79,35.29,37.72,33.04,31.52,30.62,31.91
31.06,29.56,28.23,27.1,27.05,27.05,26.87,27.1,30.04,31.92,33.16,33.33,33.09,31.76,31.03,31.57,31.36,31.87,32.82,33.95,33.84,32.28,29.97,28.6,30.61
27.1,25.25,24.89,25.3,27.52,27.94,32.19,37.97,41.96,42.06,42.9,42.08,40.43,40.43,40.47,38.76,38.56,39.68,39.6,42.07,38.84,33.64,31.23,28.25,35.38
26.88,25.67,24.46,24.21,24.94,27.01,32.23,36.47,39.47,39.5,39.99,39.73,38.88,33.78,33.57,33.52,33.83,35.36,37.04,39.42,34.14,32.58,30.52,28.86,33
29.26,26.57,26.01,26.12,28.88,31.1,33.6,50.09,55.02,50.05,49.02,42.46,39.88,39.25,37.66,36.66,36.43,36.73,37.09,38.82,36.9,33.26,29.28,26.1,36.51
27.02,26.56,25.98,26.57,27.61,30.51,34.87,40.08,48.95,44.64,46.08,49.94,48.68,41.02,42.71,39.95,38.23,40.12,40.18,54.74,44.8,39.1,32.84,30.16,38.39
28.73,28.11,27.35,27.57,29.09,30.96,35.01,39.9,44.58,48.95,48.08,46.42,44.5,39.83,37.96,36.58,37.58,40.66,45.47,55.07,47.95,39.17,33.12,31.4,38.5
31.03,31.04,30.56,30.6,30.82,31.44,31.94,34.7,38.6,40.92,38.1,35.5,37.93,35.29,34.01,34.01,35.5,38.44,39.98,48.01,46.7,40.8,35.6,33.66,36.05
33.22,31.95,31.49,30.73,31.06,31.83,31.85,32.07,33.87,37.59,39.94,40.17,38.98,36.46,34.62,35.04,34.9,36.66,44.18,50.06,46.95,39.91,35.76,33.09,36.35
31.54,31.34,31.09,30.91,31.1,32.6,39.94,51.06,58.78,58.76,58.79,51.07,55.05,45.29,45.33,42.47,43.92,45.46,45.28,52.89,39.75,35.82,33.14,31.58,42.62
31.14,30.48,29.74,29.7,30.08,31.5,37.15,45.05,48.1,49.47,49.88,48.68,46.23,43.96,42.72,42.45,44.21,43.49,44.79,58.11,45.07,39.24,35.55,32.27,40.79
30.08,29.49,28.74,28.67,29.39,31.05,38.28,45.33,48.3,50.93,48.86,49.06,48.64,44.85,43.03,43.25,44.06,43.97,45.43,58.5,44.49,39.84,35.52,32.82,40.94
31.23,30.41,29.66,29.49,29.98,32.11,38.87,45.1,50.97,47.03,43.47,41.06,40.48,39.29,38.06,38.67,39.34,41.11,41.39,46.56,38.47,35.83,32.5,30.73,37.99
30.64,30.2,29.43,29.44,30.21,31.9,38.39,40.86,49.8,49.71,47.17,45.34,40.34,35.5,34.58,34.55,34.92,34.9,35.56,35.85,33.95,32.67,31.9,31.85,36.24
32.87,31.65,31.26,31.01,31.22,31.53,32.21,32.44,33.59,33.02,33.65,33.83,31.91,32.17,32.12,32,32.77,32.93,33.92,33.93,32.86,31.93,32.37,31.58,32.45
31.76,30.42,30.14,30.06,30.16,30.79,30.25,31.13,33.72,35.14,35.25,35.61,35.21,32.71,31.52,31.37,31.62,34.36,34.96,36.47,34.47,33.55,31.76,29.99,32.6
29.56,29.26,29.12,29.28,29.52,31.78,34.45,35.98,36.75,36.2,35.89,34.97,34.65,34.54,33.84,33.9,34.7,35.38,35.91,35.98,34.3,32.96,30.65,29.61,33.3
29.74,29.08,29.02,29.09,29.76,32.14,35.36,38.01,38.91,37.97,36.08,35.77,36.09,35.13,34.83,35.9,38.09,40.02,44.94,38.94,36.06,33.77,31.9,29.72,34.85
30.91,30.04,29.98,30.08,31.09,33.41,39.66,45.47,51.12,48.05,43.08,41.16,35.94,34.94,34.42,35.96,36.49,37.8,35.68,35.92,34.29,32.7,30.54,29.13,36.16
29.32,29.13,29,29.1,29.54,31.67,33.96,34.61,34.68,33.73,33.59,32.97,33.15,33.66,33.62,33.57,33.59,33.78,35.41,35.33,34.05,33.61,31.48,29.78,32.6
29.93,29.95,29.65,29.79,30.97,31.91,34.59,34.47,35.09,34.73,34.59,33.65,32.68,32.22,31.9,31.6,30.93,31.89,32.11,31.93,30.91,29.21,28.29,27.93,31.71
27.28,27.01,26.65,27.03,27.2,28.04,28.21,28.47,28.96,30.57,31.52,30.87,29.68,29.61,29.21,29.36,30.08,31.36,31.76,32.38,31.4,29.07,28.42,27.74,29.25
27.14,26.05,25.28,25.09,25.07,26.05,26.29,27.4,28.58,29.18,29.04,29.19,29.17,28.68,27.1,27.29,27.84,29.48,30.12,30.06,29.08,28.39,27.27,25.94,27.7
26.22,24.27,21.4,21.38,22.22,26.51,27.97,28.55,28.59,28.46,28.18,28.23,28.08,27.99,28.06,27.86,27.79,28.92,29.2,29.52,28.72,26.79,26.36,24.02,26.89
13.26,13.95,12.31,15.09,19.51,27.03,28.28,30.66,31.2,31.77,31.26,31.9,29.04,28.77,28.48,28.39,27.81,28.3,29.96,31.17,29.47,28.22,27.29,23.99,26.13
12.01,9.29,9.91,9.92,13.97,21.55,29.02,33,33.56,33.24,33.36,31.17,29.51,29.18,29.1,29.07,28.69,31.86,33.8,35.06,30.26,27.69,26.23,21.51,25.92
24.56,23.92,23.06,24.34,25.1,27.12,31.31,35.84,41.92,36.22,36.31,34.06,32.98,32.95,32.74,32.9,32.22,32.3,32.7,32.86,32.12,31.05,29.06,27.09,31.03
26.31,26.03,25.19,26.01,26.34,28.73,31.37,35.21,34.94,33.98,32.95,32.95,32.13,30.35,29.45,29.79,31.63,34.68,35.54,33.63,31.15,29.97,29.13,26.87,30.6
28.29,26.72,26.16,25.83,26.25,27.48,28.05,28.4,28.39,29.82,30.44,30.32,30.18,29.92,29.84,29.52,29.98,30.73,32.34,31.45,29.86,28.48,28.07,26.65,28.88
27.37,26.95,26.49,26.32,26.37,26.39,26.37,26.65,27.97,29.67,32.48,33.2,30.21,28.47,27.4,27.34,28.12,31.79,34.73,36.29,32.99,30.36,29.4,28.69,29.25
29.36,29.2,29.13,29.15,29.28,30.79,36.89,50.24,54.75,51.14,51.14,47.12,41.21,39.94,40.06,41.41,43.79,49.31,59.83,62.01,40.76,33.84,33.41,31.11,41.04
29.85,29.7,29.7,29.72,30.01,31.51,37.78,48.85,56.94,55.61,44.13,46.25,47.01,43.48,43.42,41.41,39.02,43.43,50.93,50.93,35.86,33.03,31.01,29.05,39.94
27.28,26.76,26.68,26.9,28.12,30.57,39.03,52.53,130.05,100.1,84.03,67.29,60.79,60.96,52.55,50.96,47.28,48.62,61.05,65.18,38.95,31.41,29.56,27.03,50.57
26.86,26.1,25.91,25.77,26.09,27.69,29.56,31.84,31.99,30.95,30.88,30.19,29.98,29.9,29.62,29.35,28.86,29.33,29.96,30.01,29.23,28.83,27.87,27.38,28.92
26.66,26.34,26.56,26.99,27.84,28.59,31.11,37.32,49.07,45.38,43.05,44.4,37.83,33.49,31.99,31.69,30.69,31.22,32.28,30.59,29.05,28.2,27.7,26.8,32.7
26.76,25.92,25.4,25.33,25.54,26.1,26.5,26.65,27.27,27.8,27.79,27.19,26.46,25.86,26.02,26.42,27.33,28.11,28.75,28.48,27.9,27.5,26.91,26.01,26.83
25.72,25.07,25.08,25.34,25.99,26.05,25.54,23.13,26.72,27.75,27.89,27.83,26.8,25.99,26,26.63,27.21,28.51,28.86,28.77,27.77,26.86,25.77,21.72,26.38
22.99,21.26,21.86,21.79,22.93,26.16,28,28.62,29.04,29.07,29.06,28.86,28.56,28.59,28.45,28.36,28.42,28.73,29.16,29.28,28.54,28.02,27.12,26.1,27.04
26.1,25.06,24.59,24.52,25.22,26.24,27.82,28.81,30.01,30.03,30.12,30.11,29.24,29.05,28.77,28.75,28.41,28.82,29.68,28.43,28.03,27.23,26.24,25.19,27.77
25.39,22.23,21.39,21.57,24.91,26.89,28.05,30.82,37.64,40.7,40.74,40.76,40.34,37.44,34.73,34.66,37.99,64.08,73.41,83.02,33.06,29.92,28.98,28.28,36.96
28.54,27.96,27.91,27.97,28.28,29.11,31.09,59.97,68.54,66.99,60.58,49.97,46.57,41.55,40.53,39.89,36.82,46.1,45.32,37.76,30.8,29.13,28.46,27.82,39.9
28.7,28.29,28.05,28.02,28.34,28.82,35.71,44.56,50.05,44.59,42.11,40.29,37.59,33.06,32.1,31.04,30.3,32.38,34.02,31.27,29.25,28.81,28.48,27.94,33.49
29.07,28.81,28.55,28.43,28.41,28.99,29.01,28.78,29.1,29.41,29.83,29.62,29.33,29.17,29.09,29.08,29.22,30.44,30.91,29.57,29.1,28.59,27.5,26.03,29
27.9,27.43,27.07,27.06,27,27.03,27.58,27.85,28.44,29.14,29.96,30.01,29.9,28.92,28.87,29.11,29.35,30.24,31.51,31,30.21,29.98,29.86,29.05,28.94
28.61,27.86,27.08,27.08,27.9,29.6,30.42,32.64,33.68,33.52,34.61,33.5,33.46,33.48,33.06,33.13,33.17,38.11,40.21,34.97,33.39,31.83,30,29.57,32.12
29.58,29.35,28.9,28.82,28.97,29.52,30.03,31.64,32.32,31.94,31.36,31.01,30.85,30.78,30.7,30.78,30.73,30.99,30.94,30.75,30.28,29.74,28.91,27.02,30.25
25.8,19.27,18.32,19.5,23.95,27.34,29.57,30.67,30.95,30.69,30.39,30.09,29.79,29.66,29.87,29.84,30.01,30.62,31.11,30.58,29.91,29.43,28.22,27.1,28.03
26.16,25.05,24.95,25.43,26.39,28.44,29.49,31.51,32.79,31.67,30.58,30.16,29.88,29.85,29.77,29.76,29.79,30.8,31.47,30.3,29.83,29.47,29.01,27.52,29.17
26.53,25.39,25.43,25.06,25.38,26.9,29.11,30.56,31.11,31.34,31.36,30.38,29.32,28.75,28.14,27.71,28.81,29.18,29.3,29.02,28.02,26.94,25.8,20.45,27.92
24.18,24.76,23.52,22.27,22.13,23.98,25.23,25.32,25.52,25.92,26.15,26.1,25.79,25.66,25.44,25.33,25.59,27.04,27.87,27.68,26.76,25.91,24.78,22.18,25.21
25.52,24.11,23.02,18.71,21,20.1,21.02,22.5,21.34,25.45,25.93,25.4,24.92,24.13,22.88,24.13,25.53,27.13,27.62,28.23,24.85,19.96,17.86,17.6,23.29
3,2.99,3.37,4.05,4.89,25.59,28.42,29.93,30.56,30.38,29.74,29.46,29.7,29.98,30.13,30.01,30.64,39.9,35,30.57,29.79,29.68,29.26,28.52,24.82
28.8,28.63,28.6,28.39,28.89,30.34,31.21,33.93,33.89,33.21,33.49,31.63,31.64,31.56,31.68,31.51,32.87,46.92,42.95,31.83,31.27,30.19,29.58,28.88,32.16
28.25,27.4,26.69,26.21,26.66,27.79,29.07,30.59,32.24,31.26,30.97,30.13,29.79,29.06,29.18,29.35,29.55,29.82,29.73,29.25,28.48,27.4,26.33,23.33,28.69
20.68,18.01,16.92,15.57,23.58,25.97,28.2,29.12,29.3,29.14,29.1,28.92,28.86,28.82,28.87,28.9,29.34,29.63,29.62,29.49,29.41,29.28,29.13,28.72,26.86
27.88,27.58,27.56,27.51,28.16,28.86,29.12,29.75,29.92,29.87,29.8,29.69,29.49,29.3,29.1,28.95,29.08,29.27,29.25,28.96,28.17,27.78,27.84,27.07,28.75
26.96,26.56,26.13,26.13,26.09,26.85,27.07,27.13,28.15,28.47,28.71,28.67,28.56,28.42,28.44,28.43,28.83,29.21,29.16,28.79,28.26,27.06,26.53,24.96,27.65
25.09,24.54,24.03,23.29,23.73,24.44,24.96,25.21,27.61,28.37,28.79,28.82,28.62,28.58,28.62,28.85,29.39,29.6,29.5,29.18,28.87,28.74,28.39,28.05,27.3
27.82,27.16,26.98,26.94,27.42,28.25,29.29,30.31,31.03,30.88,30.75,30.5,30.31,30.22,30.08,30.27,30.96,31.34,31.13,30.38,29.91,29.54,28.9,28.19,29.52
28.41,28.02,27.88,27.93,28.34,29.15,29.92,31.6,35.01,31.98,31.91,31.77,31.87,31.6,31.55,31.54,32.98,35.7,34.5,32,30.57,29.88,28.99,28.23,30.89
28.79,28.52,28.45,28.51,28.96,29.54,30.34,34.12,35.19,32.3,31.72,31.31,31.62,31.41,31.49,32.1,34.1,35.25,32.77,30.76,30.33,29.9,29.3,28.51,31.05
28.96,28.02,27.28,27.07,28.19,28.99,30.22,30.73,30.77,30.35,30.06,29.74,29.6,29.6,29.77,30.03,30.32,30.59,30.52,30.02,29.41,28.91,28.12,25.61,29.29
26.41,25.35,25.96,26.65,27.1,28.85,30.28,30.95,31.16,30.91,30.85,30.69,30.57,30.41,30.16,30.12,30.52,30.84,30.72,30.31,29.39,28.36,27.42,26.06,29.17
27.97,27.37,27.08,26.87,26.37,26.29,27.72,27.74,28.51,28.96,29.14,29.13,28.95,28.83,28.9,29.78,30.7,31.17,30.9,30.36,29.9,29.74,29.48,28.29,28.76
28.26,27.43,27.09,26.96,27.1,27.3,27.44,28.41,29.58,30.58,30.93,31.06,30.92,30.81,30.82,30.99,31.92,32.35,31.91,31.2,30.94,30.69,30.25,29.73,29.78
29.85,29.68,29.64,29.66,29.79,30.92,32.04,34.49,33.68,33.32,33,32.88,32.65,32.46,32.48,32.61,33.04,33.64,33.08,32.47,32.11,31.99,31.04,30.38,31.95
30.87,30.62,30.39,30.13,30.39,31.07,32.37,33.53,34.2,33.11,32.67,32.32,32.13,31.98,32.04,32,32.52,33.05,32.77,32.38,31.81,31.44,30.66,29.74,31.84
29.89,29.54,29.46,29.43,29.67,30.54,31.47,32.55,32.48,31.95,31.63,31.48,31.47,31.57,31.53,31.72,32.14,32.21,32.06,31.86,31.35,31.1,30.41,29.39,31.12
29.81,29.24,29.35,29.28,29.86,30.51,31.3,33.26,33.67,32.86,32.6,32.01,31.87,31.37,31.08,31.04,31.02,31.08,30.84,30.37,29.82,29.42,28.63,27.56,30.74
27.82,27.28,27.04,27.02,27.78,28.49,29.74,30.75,30.91,30.59,30.2,29.97,29.93,29.96,29.97,29.99,30.32,30.63,30.36,29.74,28.97,28.52,27.93,27.53,29.23
27.11,23.56,20.04,18.25,23.01,26.73,27.29,28.08,28.23,28.61,28.8,28.68,28.5,28.43,28.52,28.91,29.5,29.77,29.7,28.93,28.53,28.53,28.18,28.08,27.25
27.88,27.6,27.51,27.16,27.51,27.35,27.47,27.92,28.21,28.46,28.56,28.67,28.61,28.45,28.76,29.21,29.7,30.33,30.4,29.95,29.62,29.39,29.2,28.7,28.61
28.66,28.13,28.2,28.48,28.98,29.86,33.9,36.92,43.92,42,36.9,36.79,43.3,47.87,52.17,50.99,59.3,66.02,53.38,40.21,35.11,35.05,33.78,31.54,39.64
33.03,31.93,32.12,32.12,33.91,37.92,46.51,67.86,72.63,54.99,54.26,63.44,55.27,64.91,62.65,62.65,64.19,69.72,57.46,43.99,35.42,32.64,31.31,29.69,48.78
29.27,28.92,28.71,28.61,28.86,29.25,30.96,36.34,35.72,32.49,31.98,31.8,31.03,31.3,32.56,33.44,34.16,34,31.85,31.04,30.03,29.74,28.66,27.04,31.16
27.53,24.92,21.7,21.19,26.21,27.15,28.47,31.05,31.09,29.96,29.12,28.98,29.09,28.98,28.94,30.02,30.75,30.88,30.21,29.69,28.81,28.64,27.41,24.05,28.12
26.93,27.08,27.37,27.1,28.22,29.55,31.24,32.88,34.25,33.49,32.84,32.56,32.75,32.75,32.79,35.23,37.32,37.41,35.06,32.15,31.6,31.18,30.18,29.34,31.72
29.99,29.54,29.37,29.31,29.52,29.75,29.95,30.17,30.17,30.63,31.11,31.12,30.93,30.78,30.72,31.26,32.14,32.49,32.08,30.97,30.7,30.18,29.37,28.27,30.44
28.64,28.26,28.07,27.9,27.52,27.5,27.89,28.11,28.21,28.49,29.03,29.06,29.04,28.84,28.84,28.99,29.73,30.06,29.79,29.51,29.07,29.01,28.37,28.02,28.66
27.5,27.36,27.29,27.27,27.79,28.94,31.93,35.24,39.1,35.57,34.06,33.89,32.25,32.38,33.33,34.82,35.7,40.32,36.7,35.26,33.95,31.36,30,28.63,32.53
28.74,28.47,28.27,28.08,28.68,29.57,32.65,36.49,37.78,36.39,35.84,36.05,39.91,43.99,43.4,47.08,51.97,58.27,48.02,36.83,34.98,33.58,32.22,30.82,37
30.48,30.04,29.8,30.21,31.13,33.05,35.35,56.71,68.83,53.26,49.37,44.75,46.91,44.74,48.1,64.83,94.67,114.7,68.84,41.07,36.41,35.87,33.36,32,48.1
31.73,30.84,30.65,30.86,31.96,33.14,37.29,54.94,70.41,53.22,49.16,44.39,49.02,50.04,49.7,59.97,68.65,61.64,48.67,39.59,35.72,34.38,32.88,30.92,44.16
31.24,30.02,29.76,29.77,30.4,31.83,35.57,45.12,50.85,53.29,47.02,47.51,47.36,41.51,40.9,37.89,41.52,65.7,40.37,37.62,34.62,33.39,32.2,30.98,39.44
31.47,30.56,29.92,29.8,29.83,30.32,30.8,30.95,30.93,31.54,31.88,31.65,31.11,30.74,30.71,31.05,31.67,31.9,31.23,30.02,29.43,28.82,28.35,27.73,30.52
28.12,27.69,27.49,27.5,27.74,27.96,28.01,27.72,28.35,28.77,29.25,29.57,29.72,29.61,29.72,30.2,30.92,31.31,31.05,30.64,30.22,30.17,29.42,28.25,29.14
26.7,26.23,26.18,27.01,27.86,28.69,32.39,35.02,37.62,38.29,37.06,37.54,36.36,35.92,34.85,37.28,44.79,51.04,44.86,35.89,34.16,33.66,32.49,30.03,34.66
28.69,28.17,27.82,27.93,28.23,29.99,31.73,33.77,33.88,33.05,32.43,31.9,31.57,30.95,30.91,31.45,31.96,32.18,31.8,30.97,29.98,29.22,28.06,27.02,30.57
27.02,26.67,26.4,26.49,27.2,27.7,29.57,32.48,33.3,32.84,32.43,32.65,32.44,32.22,32.58,33.03,34.8,35.36,34.96,33.49,32.35,31.75,30,27.95,31.07
27.38,26.82,26.57,26.51,26.83,27.46,28.46,30.2,30.74,30.12,29.84,29.44,29.11,29.02,28.96,29.05,29.48,29.7,29.56,28.81,27.82,27.5,26.42,22.61,28.27
13.45,12.2,10.5,18.93,24.65,26.14,28.63,30.34,30.7,30.15,29.93,29.72,29.3,29.09,29.03,29.22,29.73,29.82,29.54,28.88,28.21,27.81,26.97,25.36,26.18
26.76,26.41,25.57,25.54,26.01,26.49,26.62,27.2,27.5,27.51,27.62,27.64,27.61,27.55,27.6,27.89,28.3,29.88,28.45,27.79,27.46,27.31,27.09,27.01,27.28
27.38,27.14,27.04,27,26.99,27.19,27.39,27.43,27.85,28.56,29.15,29.57,29.26,28.94,28.94,29.44,30.27,29.96,29.46,29.27,28.71,28.43,27.93,27.52,28.37
27.25,26.94,26.81,26.94,27.88,29.43,32.96,47.64,61.49,56.66,49.01,52.28,50.82,51.1,52.54,51.91,53.38,50.62,41.66,37.05,33.69,32.33,30.58,28.21,40.8
27.96,27.4,27.16,27.03,27.38,28.04,30.15,32.32,34.14,34.7,34.75,35.22,35.8,35.52,35.11,39.47,44.99,44.94,40.61,33.72,32.52,31.51,29.79,27.96,33.26
27.61,27.04,26.98,26.93,27.32,27.86,29.46,31.04,31.73,31.08,30.54,29.83,29.7,29.98,30.29,31.07,31.77,32.06,31.59,30.24,29.1,28.01,27.32,26.57,29.38
26.44,25.72,25.66,26.07,26.69,27.43,29.71,33.11,35.87,33.03,32.06,31.82,31.54,31.46,31.75,32.47,33.21,34.19,32.33,31.58,30.44,30.07,29.42,28.26,30.43
28.66,28.41,28.25,28.28,28.89,30.24,32.75,46.11,53.01,52.63,46.01,45.06,43.64,38.67,39.64,39.55,43.7,40.29,36.06,33.05,31.21,30.54,29.76,29.04,36.81
29.94,29.08,28.97,28.9,29,29.28,30.2,30.63,30.71,31.15,31.75,32.1,31.56,31.29,31.49,32.29,33.95,35.66,33.16,31.66,30.7,30.55,30.09,29.02,30.96
28.9,28.2,28.2,27.94,28.21,28.38,28.58,29.4,30.23,30.97,31.22,31.53,31.44,31.4,31.55,32.24,33.18,33.21,32.1,31.24,30.53,30.24,29.68,28.59,30.3
28.22,27.9,27.55,27.39,28.04,29.94,31.55,40.22,47.43,48.5,37.76,36.19,38.27,37.75,42.08,63.93,71.74,77.17,66.62,42.1,33.56,32.94,31.33,30.38,40.77
30.44,29.43,29.35,29.68,31.57,32.64,34.87,66.53,75.06,75.21,56.79,60.5,56.78,56.7,56.79,63.73,66.56,67.89,39.2,32.35,31.35,30.68,29.82,29.1,46.38
29.18,28.53,28.08,28.11,28.87,29.72,30.78,33.8,36.02,34.96,32.34,32.6,32.92,32.91,33.05,33.51,33.48,33.41,32.08,31.64,30.82,30.05,29.04,28,31.41
27.57,27.08,26.98,26.95,27.37,28,29.42,30.73,31.07,30.57,30.1,30.2,30.14,30.11,30.39,30.69,30.79,30.75,30.58,30.06,29.55,29.17,28.06,27.32,29.32
27.1,26.45,26.2,26.36,26.92,27.54,28.75,30.06,30.81,30.69,30.63,30.3,29.85,29.65,29.69,29.87,30.32,30.79,30.44,29.81,29.06,28.86,27.87,26.97,28.96
26.33,22.47,18.72,11.95,12.4,8.81,14.94,13.39,20.28,18.79,20.08,17.92,14.77,13.32,16.79,21.56,25.22,24.96,23.21,21.18,18.28,14.11,11.11,4.12,17.28
16.69,16.65,16.64,16.66,16.7,18.86,19.61,24.87,26.06,26.71,27.01,26.97,26.7,26.7,26.66,26.93,27.18,26.94,26.31,25.95,25.96,26.36,26.17,25.99,23.8
26.38,26.06,25.26,25.03,24.4,25.2,26.16,26.28,26.07,25.98,26.11,26.18,26.2,26.12,26.16,26.53,26.78,26.74,27.12,26.96,26.27,26.14,25.98,25.1,26.05
25.47,23.74,23.2,23.26,25.02,25.76,25.89,26.05,26.18,26.6,26.41,26.68,26.45,26.27,26.16,26.57,27.32,27.17,27.01,26.44,26.12,26,24.5,16.78,25.46
25.37,15.09,13.93,13.81,24.39,25.74,26.47,28.21,29.61,30.06,30.32,31.53,31.92,32.54,33.43,35.96,38.88,39.36,37.04,33.18,31.31,30.37,29.38,28.22,29.01
28.87,28.12,27.2,26.43,27.22,28.89,30.74,32.67,33.96,34.44,36.53,35.84,35.49,34.53,34.21,35.39,35.83,34.16,31.71,30.83,29.08,28.3,27.5,26.87,31.45
26.33,25.63,25.39,25.45,26.05,26.83,27.27,27.9,29.08,30.03,29.83,29.47,29.2,29.45,30.02,31,32.72,34.1,32.01,29.81,28.49,27.73,26.9,26.68,28.64
27.31,26.86,26.39,26.06,26.06,26.37,26.79,26.71,26.95,27.36,27.45,27.44,27.34,27.31,27.39,27.59,27.85,27.94,27.66,27.35,26.63,26.31,24.56,24.44,26.84
26.98,26.44,26.2,25.9,25.37,25.59,25.97,26.01,26.41,27.01,27.53,27.57,27.53,27.44,27.58,27.87,28.09,27.95,27.59,26.84,25.94,25.34,25.68,25.65,26.69
